{"dataURL":"file:\/\/\/Users\/daksharajagopal\/Downloads\/food%20-%20Sheet2.csv","experimentIDs":["71E87ECE-F3C4-441F-AE2B-577E7D9BF55C","5E442873-8F08-43C5-8705-01AD9028502E"],"dataResult":{"itemsCount":14,"dataURL":"file:\/\/\/Users\/daksharajagopal\/Downloads\/food%20-%20Sheet2.csv","error":{"errorType":"notReady","reason":"No target selected","domain":"composer.error.domain","code":1000},"createdDate":"2024-02-25T01:37:12Z","dataAnalysis":{"summary":{"sampleCount":14,"canUseValidation":0},"classifierAnalysis":{},"issues":[{"description":"No target selected","severity":"notReady"},{"severity":"info","description":"Data has 14 rows"},{"severity":"notReady","description":"No features selected"}]},"dataSourceID":"59923583-875B-474E-BC81-F71E10C03A7C","columnTypes":["String","Int"],"columnValues":["blue cheese, Swiss, Parmesan, feta, aged cheddar, salami, summer sausages, pepperoni, corned beef, olives, sauerkraut, kimchee, fava beans, snow peas, soy sauce, tofu, miso, teriyaki sauce, alcohol, chocolate, orange, lemon, grapefruit, coffee, oranges, lemons, limes, cheese, ice cream, milk, chili, chili powder, jalapeno, cabbage, cauliflower, onions, Beef, pork, lamb, venison, boar, vodka, gin, baijiu, shōchū, soju, tequila, rum, whisky, brandy, singani, beer, wine, cider, sake, huangjiu, , cream, butter, cheese, yogurt, White rice,White bread,White potatoes,Watermelon,Beef, pork, lamb, venison, and boar,Full-fat  cream, butter, cheese, infant formula,  yogurt,Vodka, gin, baijiu, shōchū, soju, tequila, rum, whisky, brandy,  singani,  Beer, wine, cider, sake, huangjiu,Full-sugar sauces, Candy,Pastry,White rice,White bread,Pasta,White potatoes,Watermelon,Orange,Lemon,Citrus,Tomato,Pepper,Chilli,Chocolate,Coffee,Peppermint,Mint,Onion,Garlic, Vodka, gin, baijiu, shōchū, soju, tequila, rum, whisky, brandy,  singani,  Beer, wine, cider, sake, huangjiu,coffee, tea, espresso, chocolate,  cream, butter, cheese, infant formula,  yogurt, french fries, fried chicken, fried fish, doughnuts, fried onion rings, fried tofu, mozarella stick, churro, , salted nuts, smoked meat, cured meat, sardines, anchovies, sausage, frankfurter, bacon, Swordfish,Mackerel,Tilefish, ,butter, ghee, lard, sour cream, cream cheese, icecream, cheese cracker, sausage, pork belly, ribeye, short-ribs, thigh,fried,Vodka, gin, baijiu, shōchū, soju, tequila, rum, whisky, brandy,  singani,  Beer, wine, cider, sake, huangjiu,coffee, espresso, tea, soda, chocolate, shortening, margarine, fries, doughnuts, fried chicken, microwave popcorn,Beef, pork, lamb, venison, and boar,Tomato,Eggplant,Pepper,Potato,Vodka, gin, baijiu, shōchū, soju, tequila, rum, whisky, brandy,  singani,  Beer, wine, cider, sake, huangjiu,Corn Oil,Soybean Oil,mayonnaise, walnuts, sunflower seeds, almonds, cashews, cream, butter, cheese, infant formula,  yogurt, Soybean Oil,Soy,broccoli,Brussels sprouts,Cabbage,Cauliflower,Kale,Seaweed,Kelp,Fish,Gluten,Bread, cream, butter, cheese, infant formula,  yogurt,Caffeine, Vodka, gin, baijiu, shōchū, soju, tequila, rum, whisky, brandy,  singani,  Beer, wine, cider, sake, huangjiu, cereal, crackers, malt, pasta, pastries, bread, beer, chapati,  cream, butter, cheese, infant formula,  yogurt, milk, beef, veal, lamb, mutton, pork, goat, venison, french fries, fried chicken, fried fish, doughnuts, fried onion rings, fried tofu, mozarella stick, churro, persimmon, garlic, onion, Lentils,Peas,Broad bean,Chickpea,Soybean,lima bean,beans,Peanut,barley,corn,rice,soybean, bananas eggs, Popcorn, arugula, bok choy, collard greens, dandelion green, kale, mustard green, rapini, broccoli raab, spinach, swiss chard, turnip green, almonds,Brazil nuts,cashew nuts,hazelnuts,macadamias,pecans,pine nuts,pistachios, salted nuts, smoked meat, cured meat, sardines, anchovies, sausage, frankfurter, bacon, french fries, fried chicken, fried fish, doughnuts, fried onion rings, fried tofu, mozarella stick, churro, Beef, pork, lamb, venison, and boar, , White rice,White bread,White potatoes, cake, pie, cracker, biscuit, gravy, pastry, semolina, rye, triticale, corn, graham flour, soy sauce, beer, cake, spelt, , Beef, pork, lamb, venison, boar, vodka, gin, baijiu, shōchū, soju, tequila, rum, whisky, brandy, singani, beer, wine, cider, sake, huangjiu, White rice,White bread,White potatoes, cake, pie, cracker, biscuit, gravy, pastry, semolina, rye, triticale, corn, graham flour, soy sauce, beer, cake, spelt, Tomato,Eggplant,Pepper,Potato, cereal, cheese, tinned vegetable, bread, chip, sausage, bacon, ham, salami, paté, cake, biscuit,  salted nuts, smoked meat, cured meat, sardines, anchovies, sausage, frankfurter, bacon","1, 2, 3, 4, 5, 6, 7, 8, 9, 10, 11, 12, 13, 14"],"columns":["ingredients","order"]},"activityEntities":["dataSourceTrainingStarted",[{"event":"dataSourceTrainingStarted","title":"Used By","id":"FF924CBA-793C-4C64-9B97-4AF43463950B","createdDate":"2024-02-25T01:37:32Z","subtitle":"Food 2"},{"id":"A06A2E72-8C52-419C-A502-D7B14FA42001","event":"dataSourceTrainingStarted","title":"Used By","subtitle":"Food 1","createdDate":"2024-02-25T01:41:31Z"},{"event":"dataSourceTrainingStarted","subtitle":"Food 2","title":"Used By","createdDate":"2024-02-25T11:24:02Z","id":"5608CC34-DE54-4FB4-9693-A585E5838787"}],"dataSourceMetrics",[{"createdDate":"2024-02-25T01:37:32Z","subtitle":"14 Classes, 14 Items","title":"Data Summary","id":"8D2877DF-7394-4855-AF86-82C1482F6871","event":"dataSourceMetrics"},{"title":"Data Summary","id":"DF3356E1-1F8B-4B7A-8EF2-8F55E0791A0F","subtitle":"14 Classes, 14 Items","createdDate":"2024-02-25T01:41:31Z","event":"dataSourceMetrics"},{"subtitle":"14 Classes, 14 Items","event":"dataSourceMetrics","title":"Data Summary","createdDate":"2024-02-25T11:24:02Z","id":"933BF624-7F6A-4541-85FF-9176FAB286D2"}]],"title":"food - Sheet2.csv","modifiedDate":"2024-02-25T11:24:02Z","createdDate":"2024-02-25T01:37:12Z","version":"1.0","pathType":0,"dataPathRelativeToProjectURL":"..\/..\/..\/..\/Downloads\/food%20-%20Sheet2.csv\/","id":"59923583-875B-474E-BC81-F71E10C03A7C","preferredFilename":"food - Sheet2"}