{"dataURL":"file:\/\/\/Users\/daksharajagopal\/Downloads\/food%20-%20Sheet1%20(1).csv","experimentIDs":["CC964B9E-1FAB-4D35-A8CF-1480DCA3B7C5"],"dataResult":{"createdDate":"2024-02-25T01:36:12Z","dataURL":"file:\/\/\/Users\/daksharajagopal\/Downloads\/food%20-%20Sheet1%20(1).csv","dataSourceID":"45904EE4-90EE-435C-B33B-10B843CC3BC3"},"activityEntities":["dataSourceMetrics",[{"event":"dataSourceMetrics","title":"Data Summary","id":"DDB8F39E-292B-4835-8C7C-1DA55B329243","createdDate":"2024-02-25T01:36:21Z","subtitle":"14 Classes, 14 Items"}],"dataSourceTrainingStarted",[{"title":"Used By","subtitle":"Food 2","id":"0130E390-7292-4710-B7CF-A3311C4CA533","event":"dataSourceTrainingStarted","createdDate":"2024-02-25T01:36:21Z"}]],"title":"food - Sheet1 (1).csv","modifiedDate":"2024-02-25T01:36:21Z","createdDate":"2024-02-25T01:36:12Z","version":"1.0","pathType":0,"dataPathRelativeToProjectURL":"..\/..\/..\/..\/Downloads\/food%20-%20Sheet1%20(1).csv\/","id":"45904EE4-90EE-435C-B33B-10B843CC3BC3","preferredFilename":"food - Sheet1 (1)"}