{"modelEntity":{"createdDate":"2024-02-25T01:41:10Z","preferredFilename":"","id":"A9E440F3-E8E4-4153-9D33-D667B856575A","experimentID":"71E87ECE-F3C4-441F-AE2B-577E7D9BF55C","modelURL":"Models\/Food%201.mlmodel","title":"","version":"1.0","modifiedDate":"2024-02-25T01:41:10Z"},"activityEntities":["trainingStarted",[{"event":"trainingStarted","title":"Training Started","id":"3BA2F6B8-9551-4FB1-92A3-64DB63B4E9CA","createdDate":"2024-02-25T01:41:31Z","subtitle":"Food 1"}],"trainingDataAdded",[{"subtitle":"food - Sheet2.csv","event":"trainingDataAdded","id":"B9190FDA-3010-4D8C-9288-9F1204CF4052","createdDate":"2024-02-25T01:41:23Z","title":"Training Data Added"}],"trainingFinished",[{"event":"trainingFinished","title":"Training Completed","id":"6731B00D-8063-46D5-A9CA-2B1999FDB143","subtitle":"10 iterations","createdDate":"2024-02-25T01:41:32Z"}],"experimentCreated",[{"title":"Model Source Created","id":"7DED15B5-4481-4FBD-AC5B-051FC6F24C60","event":"experimentCreated","createdDate":"2024-02-25T01:41:10Z","subtitle":"Food 1"}]],"evaluationEntity":{"id":"08217a56-0167-4300-b1ed-ead320ae565c","analysedDataType":"none","dataResult":{}},"evaluationContainerEntity":{"modifiedDate":"2024-02-25T01:41:32Z","createdDate":"2024-02-25T01:41:32Z","validationEvaluationEntity":{"createdDate":"2024-02-25T01:41:10Z","id":"8245c73d-83d7-4cff-9b27-235669840edb","dataResult":{"createdDate":"2024-02-25T01:41:10Z"},"analysedDataType":"auto","evaluationResult":{"generalClassifier":{"confusionMatrix":[{"expected":"oranges, lemons, limes, cheese, ice cream, milk, chili, chili powder, jalapeno, cabbage, cauliflower, onions","count":1,"actual":"blue cheese, Swiss, Parmesan, feta, aged cheddar, salami, summer sausages, pepperoni, corned beef, olives, sauerkraut, kimchee, fava beans, snow peas, soy sauce, tofu, miso, teriyaki sauce, alcohol, chocolate, orange, lemon, grapefruit, coffee"}],"statsByLabel":{"blue cheese, Swiss, Parmesan, feta, aged cheddar, salami, summer sausages, pepperoni, corned beef, olives, sauerkraut, kimchee, fava beans, snow peas, soy sauce, tofu, miso, teriyaki sauce, alcohol, chocolate, orange, lemon, grapefruit, coffee":{"count":1,"precisionRecall":{"success":{"precision":0,"recall":0}}},"oranges, lemons, limes, cheese, ice cream, milk, chili, chili powder, jalapeno, cabbage, cauliflower, onions":{"count":0,"precisionRecall":{"success":{"recall":0,"precision":0}}}},"accuracy":0}}},"id":"3cef324a-5dfc-4906-a4f9-23fab39c769a","evaluationEntities":[],"testingEvaluationEntity":{"createdDate":"2024-02-25T01:41:10Z","analysedDataType":"none","dataResult":{"createdDate":"2024-02-25T01:41:10Z"},"id":"d2d6f468-17d4-4974-87fb-d15ada1d8073"},"previewType":"tabularClassifier","trainingEvaluationEntity":{"evaluationResult":{"generalClassifier":{"confusionMatrix":[{"actual":"Beef, pork, lamb, venison, boar, vodka, gin, baijiu, shōchū, soju, tequila, rum, whisky, brandy, singani, beer, wine, cider, sake, huangjiu, ","expected":"oranges, lemons, limes, cheese, ice cream, milk, chili, chili powder, jalapeno, cabbage, cauliflower, onions","count":1},{"count":1,"actual":"Beef, pork, lamb, venison, boar, vodka, gin, baijiu, shōchū, soju, tequila, rum, whisky, brandy, singani, beer, wine, cider, sake, huangjiu, White rice,White bread,White potatoes, cake, pie, cracker, biscuit, gravy, pastry, semolina, rye, triticale, corn, graham flour, soy sauce, beer, cake, spelt, Tomato,Eggplant,Pepper,Potato, cereal, cheese, tinned vegetable, bread, chip, sausage, bacon, ham, salami, paté, cake, biscuit,  salted nuts, smoked meat, cured meat, sardines, anchovies, sausage, frankfurter, bacon","expected":"Beef, pork, lamb, venison, boar, vodka, gin, baijiu, shōchū, soju, tequila, rum, whisky, brandy, singani, beer, wine, cider, sake, huangjiu, White rice,White bread,White potatoes, cake, pie, cracker, biscuit, gravy, pastry, semolina, rye, triticale, corn, graham flour, soy sauce, beer, cake, spelt, Tomato,Eggplant,Pepper,Potato, cereal, cheese, tinned vegetable, bread, chip, sausage, bacon, ham, salami, paté, cake, biscuit,  salted nuts, smoked meat, cured meat, sardines, anchovies, sausage, frankfurter, bacon"},{"actual":"Candy,Pastry,White rice,White bread,Pasta,White potatoes,Watermelon,Orange,Lemon,Citrus,Tomato,Pepper,Chilli,Chocolate,Coffee,Peppermint,Mint,Onion,Garlic","expected":"Candy,Pastry,White rice,White bread,Pasta,White potatoes,Watermelon,Orange,Lemon,Citrus,Tomato,Pepper,Chilli,Chocolate,Coffee,Peppermint,Mint,Onion,Garlic","count":1},{"actual":"Soybean Oil,Soy,broccoli,Brussels sprouts,Cabbage,Cauliflower,Kale,Seaweed,Kelp,Fish,Gluten,Bread, cream, butter, cheese, infant formula,  yogurt,Caffeine","count":1,"expected":"Vodka, gin, baijiu, shōchū, soju, tequila, rum, whisky, brandy,  singani,  Beer, wine, cider, sake, huangjiu, cereal, crackers, malt, pasta, pastries, bread, beer, chapati,  cream, butter, cheese, infant formula,  yogurt, milk, beef, veal, lamb, mutton, pork, goat, venison, french fries, fried chicken, fried fish, doughnuts, fried onion rings, fried tofu, mozarella stick, churro, persimmon, garlic, onion, Lentils,Peas,Broad bean,Chickpea,Soybean,lima bean,beans,Peanut,barley,corn,rice,soybean, bananas eggs, Popcorn, arugula, bok choy, collard greens, dandelion green, kale, mustard green, rapini, broccoli raab, spinach, swiss chard, turnip green, almonds,Brazil nuts,cashew nuts,hazelnuts,macadamias,pecans,pine nuts,pistachios"},{"expected":"salted nuts, smoked meat, cured meat, sardines, anchovies, sausage, frankfurter, bacon, french fries, fried chicken, fried fish, doughnuts, fried onion rings, fried tofu, mozarella stick, churro, Beef, pork, lamb, venison, and boar, ","actual":"Vodka, gin, baijiu, shōchū, soju, tequila, rum, whisky, brandy,  singani,  Beer, wine, cider, sake, huangjiu, cereal, crackers, malt, pasta, pastries, bread, beer, chapati,  cream, butter, cheese, infant formula,  yogurt, milk, beef, veal, lamb, mutton, pork, goat, venison, french fries, fried chicken, fried fish, doughnuts, fried onion rings, fried tofu, mozarella stick, churro, persimmon, garlic, onion, Lentils,Peas,Broad bean,Chickpea,Soybean,lima bean,beans,Peanut,barley,corn,rice,soybean, bananas eggs, Popcorn, arugula, bok choy, collard greens, dandelion green, kale, mustard green, rapini, broccoli raab, spinach, swiss chard, turnip green, almonds,Brazil nuts,cashew nuts,hazelnuts,macadamias,pecans,pine nuts,pistachios","count":1},{"expected":"Vodka, gin, baijiu, shōchū, soju, tequila, rum, whisky, brandy,  singani,  Beer, wine, cider, sake, huangjiu,coffee, tea, espresso, chocolate,  cream, butter, cheese, infant formula,  yogurt, french fries, fried chicken, fried fish, doughnuts, fried onion rings, fried tofu, mozarella stick, churro, ","count":1,"actual":"Vodka, gin, baijiu, shōchū, soju, tequila, rum, whisky, brandy,  singani,  Beer, wine, cider, sake, huangjiu,coffee, tea, espresso, chocolate,  cream, butter, cheese, infant formula,  yogurt, french fries, fried chicken, fried fish, doughnuts, fried onion rings, fried tofu, mozarella stick, churro, "},{"actual":"White rice,White bread,White potatoes, cake, pie, cracker, biscuit, gravy, pastry, semolina, rye, triticale, corn, graham flour, soy sauce, beer, cake, spelt, ","expected":"Beef, pork, lamb, venison, boar, vodka, gin, baijiu, shōchū, soju, tequila, rum, whisky, brandy, singani, beer, wine, cider, sake, huangjiu, White rice,White bread,White potatoes, cake, pie, cracker, biscuit, gravy, pastry, semolina, rye, triticale, corn, graham flour, soy sauce, beer, cake, spelt, Tomato,Eggplant,Pepper,Potato, cereal, cheese, tinned vegetable, bread, chip, sausage, bacon, ham, salami, paté, cake, biscuit,  salted nuts, smoked meat, cured meat, sardines, anchovies, sausage, frankfurter, bacon","count":1},{"count":1,"actual":"White rice,White bread,White potatoes,Watermelon,Beef, pork, lamb, venison, and boar,Full-fat  cream, butter, cheese, infant formula,  yogurt,Vodka, gin, baijiu, shōchū, soju, tequila, rum, whisky, brandy,  singani,  Beer, wine, cider, sake, huangjiu,Full-sugar sauces","expected":"White rice,White bread,White potatoes,Watermelon,Beef, pork, lamb, venison, and boar,Full-fat  cream, butter, cheese, infant formula,  yogurt,Vodka, gin, baijiu, shōchū, soju, tequila, rum, whisky, brandy,  singani,  Beer, wine, cider, sake, huangjiu,Full-sugar sauces"},{"count":1,"actual":"cream, butter, cheese, yogurt","expected":"cream, butter, cheese, yogurt"},{"actual":"oranges, lemons, limes, cheese, ice cream, milk, chili, chili powder, jalapeno, cabbage, cauliflower, onions","expected":"oranges, lemons, limes, cheese, ice cream, milk, chili, chili powder, jalapeno, cabbage, cauliflower, onions","count":1},{"actual":"salted nuts, smoked meat, cured meat, sardines, anchovies, sausage, frankfurter, bacon, Swordfish,Mackerel,Tilefish, ,butter, ghee, lard, sour cream, cream cheese, icecream, cheese cracker, sausage, pork belly, ribeye, short-ribs, thigh,fried,Vodka, gin, baijiu, shōchū, soju, tequila, rum, whisky, brandy,  singani,  Beer, wine, cider, sake, huangjiu,coffee, espresso, tea, soda, chocolate","expected":"salted nuts, smoked meat, cured meat, sardines, anchovies, sausage, frankfurter, bacon, Swordfish,Mackerel,Tilefish, ,butter, ghee, lard, sour cream, cream cheese, icecream, cheese cracker, sausage, pork belly, ribeye, short-ribs, thigh,fried,Vodka, gin, baijiu, shōchū, soju, tequila, rum, whisky, brandy,  singani,  Beer, wine, cider, sake, huangjiu,coffee, espresso, tea, soda, chocolate","count":1},{"count":1,"expected":"White rice,White bread,White potatoes, cake, pie, cracker, biscuit, gravy, pastry, semolina, rye, triticale, corn, graham flour, soy sauce, beer, cake, spelt, ","actual":"salted nuts, smoked meat, cured meat, sardines, anchovies, sausage, frankfurter, bacon, french fries, fried chicken, fried fish, doughnuts, fried onion rings, fried tofu, mozarella stick, churro, Beef, pork, lamb, venison, and boar, "},{"count":1,"actual":"shortening, margarine, fries, doughnuts, fried chicken, microwave popcorn,Beef, pork, lamb, venison, and boar,Tomato,Eggplant,Pepper,Potato,Vodka, gin, baijiu, shōchū, soju, tequila, rum, whisky, brandy,  singani,  Beer, wine, cider, sake, huangjiu,Corn Oil,Soybean Oil,mayonnaise, walnuts, sunflower seeds, almonds, cashews, cream, butter, cheese, infant formula,  yogurt","expected":"shortening, margarine, fries, doughnuts, fried chicken, microwave popcorn,Beef, pork, lamb, venison, and boar,Tomato,Eggplant,Pepper,Potato,Vodka, gin, baijiu, shōchū, soju, tequila, rum, whisky, brandy,  singani,  Beer, wine, cider, sake, huangjiu,Corn Oil,Soybean Oil,mayonnaise, walnuts, sunflower seeds, almonds, cashews, cream, butter, cheese, infant formula,  yogurt"}],"statsByLabel":{"White rice,White bread,White potatoes,Watermelon,Beef, pork, lamb, venison, and boar,Full-fat  cream, butter, cheese, infant formula,  yogurt,Vodka, gin, baijiu, shōchū, soju, tequila, rum, whisky, brandy,  singani,  Beer, wine, cider, sake, huangjiu,Full-sugar sauces":{"precisionRecall":{"success":{"precision":1,"recall":1}},"count":1},"Soybean Oil,Soy,broccoli,Brussels sprouts,Cabbage,Cauliflower,Kale,Seaweed,Kelp,Fish,Gluten,Bread, cream, butter, cheese, infant formula,  yogurt,Caffeine":{"precisionRecall":{"success":{"precision":0,"recall":0}},"count":1},"shortening, margarine, fries, doughnuts, fried chicken, microwave popcorn,Beef, pork, lamb, venison, and boar,Tomato,Eggplant,Pepper,Potato,Vodka, gin, baijiu, shōchū, soju, tequila, rum, whisky, brandy,  singani,  Beer, wine, cider, sake, huangjiu,Corn Oil,Soybean Oil,mayonnaise, walnuts, sunflower seeds, almonds, cashews, cream, butter, cheese, infant formula,  yogurt":{"count":1,"precisionRecall":{"success":{"recall":1,"precision":1}}},"Vodka, gin, baijiu, shōchū, soju, tequila, rum, whisky, brandy,  singani,  Beer, wine, cider, sake, huangjiu,coffee, tea, espresso, chocolate,  cream, butter, cheese, infant formula,  yogurt, french fries, fried chicken, fried fish, doughnuts, fried onion rings, fried tofu, mozarella stick, churro, ":{"count":1,"precisionRecall":{"success":{"precision":1,"recall":1}}},"oranges, lemons, limes, cheese, ice cream, milk, chili, chili powder, jalapeno, cabbage, cauliflower, onions":{"precisionRecall":{"success":{"precision":0.5,"recall":1}},"count":1},"Vodka, gin, baijiu, shōchū, soju, tequila, rum, whisky, brandy,  singani,  Beer, wine, cider, sake, huangjiu, cereal, crackers, malt, pasta, pastries, bread, beer, chapati,  cream, butter, cheese, infant formula,  yogurt, milk, beef, veal, lamb, mutton, pork, goat, venison, french fries, fried chicken, fried fish, doughnuts, fried onion rings, fried tofu, mozarella stick, churro, persimmon, garlic, onion, Lentils,Peas,Broad bean,Chickpea,Soybean,lima bean,beans,Peanut,barley,corn,rice,soybean, bananas eggs, Popcorn, arugula, bok choy, collard greens, dandelion green, kale, mustard green, rapini, broccoli raab, spinach, swiss chard, turnip green, almonds,Brazil nuts,cashew nuts,hazelnuts,macadamias,pecans,pine nuts,pistachios":{"count":1,"precisionRecall":{"success":{"precision":0,"recall":0}}},"White rice,White bread,White potatoes, cake, pie, cracker, biscuit, gravy, pastry, semolina, rye, triticale, corn, graham flour, soy sauce, beer, cake, spelt, ":{"precisionRecall":{"success":{"precision":0,"recall":0}},"count":1},"Beef, pork, lamb, venison, boar, vodka, gin, baijiu, shōchū, soju, tequila, rum, whisky, brandy, singani, beer, wine, cider, sake, huangjiu, White rice,White bread,White potatoes, cake, pie, cracker, biscuit, gravy, pastry, semolina, rye, triticale, corn, graham flour, soy sauce, beer, cake, spelt, Tomato,Eggplant,Pepper,Potato, cereal, cheese, tinned vegetable, bread, chip, sausage, bacon, ham, salami, paté, cake, biscuit,  salted nuts, smoked meat, cured meat, sardines, anchovies, sausage, frankfurter, bacon":{"count":1,"precisionRecall":{"success":{"precision":0.5,"recall":1}}},"cream, butter, cheese, yogurt":{"count":1,"precisionRecall":{"success":{"recall":1,"precision":1}}},"salted nuts, smoked meat, cured meat, sardines, anchovies, sausage, frankfurter, bacon, french fries, fried chicken, fried fish, doughnuts, fried onion rings, fried tofu, mozarella stick, churro, Beef, pork, lamb, venison, and boar, ":{"precisionRecall":{"success":{"recall":0,"precision":0}},"count":1},"Candy,Pastry,White rice,White bread,Pasta,White potatoes,Watermelon,Orange,Lemon,Citrus,Tomato,Pepper,Chilli,Chocolate,Coffee,Peppermint,Mint,Onion,Garlic":{"count":1,"precisionRecall":{"success":{"recall":1,"precision":1}}},"salted nuts, smoked meat, cured meat, sardines, anchovies, sausage, frankfurter, bacon, Swordfish,Mackerel,Tilefish, ,butter, ghee, lard, sour cream, cream cheese, icecream, cheese cracker, sausage, pork belly, ribeye, short-ribs, thigh,fried,Vodka, gin, baijiu, shōchū, soju, tequila, rum, whisky, brandy,  singani,  Beer, wine, cider, sake, huangjiu,coffee, espresso, tea, soda, chocolate":{"precisionRecall":{"success":{"precision":1,"recall":1}},"count":1},"Beef, pork, lamb, venison, boar, vodka, gin, baijiu, shōchū, soju, tequila, rum, whisky, brandy, singani, beer, wine, cider, sake, huangjiu, ":{"precisionRecall":{"success":{"precision":0,"recall":0}},"count":1}},"accuracy":0.6153846153846154}},"id":"20a93fd4-b611-46d5-a326-6ace8d3447cc","createdDate":"2024-02-25T01:41:10Z","analysedDataType":"none","dataResult":{"dataURL":"file:\/\/\/Users\/daksharajagopal\/Downloads\/food%20-%20Sheet2.csv","classesCount":14,"itemsCount":14,"createdDate":"2024-02-25T01:41:10Z","dataSourceID":"59923583-875B-474E-BC81-F71E10C03A7C","dataAnalysis":{"classifierAnalysis":{},"issues":[{"severity":"info","description":"Data has 14 rows"}],"summary":{"classCount":14,"canUseValidation":0,"sampleCount":14}}},"dataSourceID":"59923583-875B-474E-BC81-F71E10C03A7C"}},"settingEntity":{"targetColumn":"ingredients","algorithmType":"maxEnt","harVideoAugmentations":0,"suggestedColumnValues":["blue cheese, Swiss, Parmesan, feta, aged cheddar, salami, summer sausages, pepperoni, corned beef, olives, sauerkraut, kimchee, fava beans, snow peas, soy sauce, tofu, miso, teriyaki sauce, alcohol, chocolate, orange, lemon, grapefruit, coffee, oranges, lemons, limes, cheese, ice cream, milk, chili, chili powder, jalapeno, cabbage, cauliflower, onions, Beef, pork, lamb, venison, boar, vodka, gin, baijiu, shōchū, soju, tequila, rum, whisky, brandy, singani, beer, wine, cider, sake, huangjiu, , cream, butter, cheese, yogurt, White rice,White bread,White potatoes,Watermelon,Beef, pork, lamb, venison, and boar,Full-fat  cream, butter, cheese, infant formula,  yogurt,Vodka, gin, baijiu, shōchū, soju, tequila, rum, whisky, brandy,  singani,  Beer, wine, cider, sake, huangjiu,Full-sugar sauces, Candy,Pastry,White rice,White bread,Pasta,White potatoes,Watermelon,Orange,Lemon,Citrus,Tomato,Pepper,Chilli,Chocolate,Coffee,Peppermint,Mint,Onion,Garlic, Vodka, gin, baijiu, shōchū, soju, tequila, rum, whisky, brandy,  singani,  Beer, wine, cider, sake, huangjiu,coffee, tea, espresso, chocolate,  cream, butter, cheese, infant formula,  yogurt, french fries, fried chicken, fried fish, doughnuts, fried onion rings, fried tofu, mozarella stick, churro, , salted nuts, smoked meat, cured meat, sardines, anchovies, sausage, frankfurter, bacon, Swordfish,Mackerel,Tilefish, ,butter, ghee, lard, sour cream, cream cheese, icecream, cheese cracker, sausage, pork belly, ribeye, short-ribs, thigh,fried,Vodka, gin, baijiu, shōchū, soju, tequila, rum, whisky, brandy,  singani,  Beer, wine, cider, sake, huangjiu,coffee, espresso, tea, soda, chocolate, shortening, margarine, fries, doughnuts, fried chicken, microwave popcorn,Beef, pork, lamb, venison, and boar,Tomato,Eggplant,Pepper,Potato,Vodka, gin, baijiu, shōchū, soju, tequila, rum, whisky, brandy,  singani,  Beer, wine, cider, sake, huangjiu,Corn Oil,Soybean Oil,mayonnaise, walnuts, sunflower seeds, almonds, cashews, cream, butter, cheese, infant formula,  yogurt, Soybean Oil,Soy,broccoli,Brussels sprouts,Cabbage,Cauliflower,Kale,Seaweed,Kelp,Fish,Gluten,Bread, cream, butter, cheese, infant formula,  yogurt,Caffeine, Vodka, gin, baijiu, shōchū, soju, tequila, rum, whisky, brandy,  singani,  Beer, wine, cider, sake, huangjiu, cereal, crackers, malt, pasta, pastries, bread, beer, chapati,  cream, butter, cheese, infant formula,  yogurt, milk, beef, veal, lamb, mutton, pork, goat, venison, french fries, fried chicken, fried fish, doughnuts, fried onion rings, fried tofu, mozarella stick, churro, persimmon, garlic, onion, Lentils,Peas,Broad bean,Chickpea,Soybean,lima bean,beans,Peanut,barley,corn,rice,soybean, bananas eggs, Popcorn, arugula, bok choy, collard greens, dandelion green, kale, mustard green, rapini, broccoli raab, spinach, swiss chard, turnip green, almonds,Brazil nuts,cashew nuts,hazelnuts,macadamias,pecans,pine nuts,pistachios, salted nuts, smoked meat, cured meat, sardines, anchovies, sausage, frankfurter, bacon, french fries, fried chicken, fried fish, doughnuts, fried onion rings, fried tofu, mozarella stick, churro, Beef, pork, lamb, venison, and boar, , White rice,White bread,White potatoes, cake, pie, cracker, biscuit, gravy, pastry, semolina, rye, triticale, corn, graham flour, soy sauce, beer, cake, spelt, , Beef, pork, lamb, venison, boar, vodka, gin, baijiu, shōchū, soju, tequila, rum, whisky, brandy, singani, beer, wine, cider, sake, huangjiu, White rice,White bread,White potatoes, cake, pie, cracker, biscuit, gravy, pastry, semolina, rye, triticale, corn, graham flour, soy sauce, beer, cake, spelt, Tomato,Eggplant,Pepper,Potato, cereal, cheese, tinned vegetable, bread, chip, sausage, bacon, ham, salami, paté, cake, biscuit,  salted nuts, smoked meat, cured meat, sardines, anchovies, sausage, frankfurter, bacon","1, 2, 3, 4, 5, 6, 7, 8, 9, 10, 11, 12, 13, 14"],"taskType":"generalClassifier","seedType":"default","featureNames":["order"],"augmentations":[],"handActionClassifierAugmentations":[],"suggestedColumnTypes":["String","Int"],"generalClassifierType":{"logisticRegressionClassifier":{"l1Penalty":0,"l2Penalty":0.01,"stepSize":1,"convergenceThreshold":0.01,"featureRescaling":true}},"transferLearningEmbeddingType":"dynamic","handPoseClassifierAugmentations":[],"styleTransferAlgorithmType":"image","suggestedColumns":["ingredients","order"]},"title":"Food 1","snapshotRole":{"withoutSnapshots":0},"version":"1.0","createdDate":"2024-02-25T01:41:10Z","contentDataResult":{"createdDate":"2024-02-25T01:41:10Z"},"validationEntity":{"analysedDataType":"auto","dataResult":{"createdDate":"2024-02-25T01:41:10Z"}},"evaluationState":"uninitialized","modifiedDate":"2024-02-25T01:41:32Z","preferredFilename":"Food 1","state":"trained","trainingEntity":{"finishTime":"2024-02-25T01:41:32Z","analysedDataType":"datasource","trainingAccuracy":0.6153846153846154,"dataResult":{"itemsCount":14,"dataSourceID":"59923583-875B-474E-BC81-F71E10C03A7C","columnTypes":["String","Int"],"columns":["ingredients","order"],"createdDate":"2024-02-25T01:41:10Z","classesCount":14,"dataURL":"file:\/\/\/Users\/daksharajagopal\/Downloads\/food%20-%20Sheet2.csv","columnValues":["blue cheese, Swiss, Parmesan, feta, aged cheddar, salami, summer sausages, pepperoni, corned beef, olives, sauerkraut, kimchee, fava beans, snow peas, soy sauce, tofu, miso, teriyaki sauce, alcohol, chocolate, orange, lemon, grapefruit, coffee, oranges, lemons, limes, cheese, ice cream, milk, chili, chili powder, jalapeno, cabbage, cauliflower, onions, Beef, pork, lamb, venison, boar, vodka, gin, baijiu, shōchū, soju, tequila, rum, whisky, brandy, singani, beer, wine, cider, sake, huangjiu, , cream, butter, cheese, yogurt, White rice,White bread,White potatoes,Watermelon,Beef, pork, lamb, venison, and boar,Full-fat  cream, butter, cheese, infant formula,  yogurt,Vodka, gin, baijiu, shōchū, soju, tequila, rum, whisky, brandy,  singani,  Beer, wine, cider, sake, huangjiu,Full-sugar sauces, Candy,Pastry,White rice,White bread,Pasta,White potatoes,Watermelon,Orange,Lemon,Citrus,Tomato,Pepper,Chilli,Chocolate,Coffee,Peppermint,Mint,Onion,Garlic, Vodka, gin, baijiu, shōchū, soju, tequila, rum, whisky, brandy,  singani,  Beer, wine, cider, sake, huangjiu,coffee, tea, espresso, chocolate,  cream, butter, cheese, infant formula,  yogurt, french fries, fried chicken, fried fish, doughnuts, fried onion rings, fried tofu, mozarella stick, churro, , salted nuts, smoked meat, cured meat, sardines, anchovies, sausage, frankfurter, bacon, Swordfish,Mackerel,Tilefish, ,butter, ghee, lard, sour cream, cream cheese, icecream, cheese cracker, sausage, pork belly, ribeye, short-ribs, thigh,fried,Vodka, gin, baijiu, shōchū, soju, tequila, rum, whisky, brandy,  singani,  Beer, wine, cider, sake, huangjiu,coffee, espresso, tea, soda, chocolate, shortening, margarine, fries, doughnuts, fried chicken, microwave popcorn,Beef, pork, lamb, venison, and boar,Tomato,Eggplant,Pepper,Potato,Vodka, gin, baijiu, shōchū, soju, tequila, rum, whisky, brandy,  singani,  Beer, wine, cider, sake, huangjiu,Corn Oil,Soybean Oil,mayonnaise, walnuts, sunflower seeds, almonds, cashews, cream, butter, cheese, infant formula,  yogurt, Soybean Oil,Soy,broccoli,Brussels sprouts,Cabbage,Cauliflower,Kale,Seaweed,Kelp,Fish,Gluten,Bread, cream, butter, cheese, infant formula,  yogurt,Caffeine, Vodka, gin, baijiu, shōchū, soju, tequila, rum, whisky, brandy,  singani,  Beer, wine, cider, sake, huangjiu, cereal, crackers, malt, pasta, pastries, bread, beer, chapati,  cream, butter, cheese, infant formula,  yogurt, milk, beef, veal, lamb, mutton, pork, goat, venison, french fries, fried chicken, fried fish, doughnuts, fried onion rings, fried tofu, mozarella stick, churro, persimmon, garlic, onion, Lentils,Peas,Broad bean,Chickpea,Soybean,lima bean,beans,Peanut,barley,corn,rice,soybean, bananas eggs, Popcorn, arugula, bok choy, collard greens, dandelion green, kale, mustard green, rapini, broccoli raab, spinach, swiss chard, turnip green, almonds,Brazil nuts,cashew nuts,hazelnuts,macadamias,pecans,pine nuts,pistachios, salted nuts, smoked meat, cured meat, sardines, anchovies, sausage, frankfurter, bacon, french fries, fried chicken, fried fish, doughnuts, fried onion rings, fried tofu, mozarella stick, churro, Beef, pork, lamb, venison, and boar, , White rice,White bread,White potatoes, cake, pie, cracker, biscuit, gravy, pastry, semolina, rye, triticale, corn, graham flour, soy sauce, beer, cake, spelt, , Beef, pork, lamb, venison, boar, vodka, gin, baijiu, shōchū, soju, tequila, rum, whisky, brandy, singani, beer, wine, cider, sake, huangjiu, White rice,White bread,White potatoes, cake, pie, cracker, biscuit, gravy, pastry, semolina, rye, triticale, corn, graham flour, soy sauce, beer, cake, spelt, Tomato,Eggplant,Pepper,Potato, cereal, cheese, tinned vegetable, bread, chip, sausage, bacon, ham, salami, paté, cake, biscuit,  salted nuts, smoked meat, cured meat, sardines, anchovies, sausage, frankfurter, bacon","1, 2, 3, 4, 5, 6, 7, 8, 9, 10, 11, 12, 13, 14"],"dataAnalysis":{"summary":{"sampleCount":14,"classCount":14,"canUseValidation":0},"issues":[{"severity":"info","description":"Data has 14 rows"}],"classifierAnalysis":{}}},"featureExtractionCheckpointMayBeAvailable":false,"startTime":"2024-02-25T01:41:31Z","progress":[],"trainingResults":{"generalClassifier":{"accuracy":0.6153846153846154,"confusionMatrix":[{"count":1,"expected":"oranges, lemons, limes, cheese, ice cream, milk, chili, chili powder, jalapeno, cabbage, cauliflower, onions","actual":"Beef, pork, lamb, venison, boar, vodka, gin, baijiu, shōchū, soju, tequila, rum, whisky, brandy, singani, beer, wine, cider, sake, huangjiu, "},{"count":1,"actual":"Beef, pork, lamb, venison, boar, vodka, gin, baijiu, shōchū, soju, tequila, rum, whisky, brandy, singani, beer, wine, cider, sake, huangjiu, White rice,White bread,White potatoes, cake, pie, cracker, biscuit, gravy, pastry, semolina, rye, triticale, corn, graham flour, soy sauce, beer, cake, spelt, Tomato,Eggplant,Pepper,Potato, cereal, cheese, tinned vegetable, bread, chip, sausage, bacon, ham, salami, paté, cake, biscuit,  salted nuts, smoked meat, cured meat, sardines, anchovies, sausage, frankfurter, bacon","expected":"Beef, pork, lamb, venison, boar, vodka, gin, baijiu, shōchū, soju, tequila, rum, whisky, brandy, singani, beer, wine, cider, sake, huangjiu, White rice,White bread,White potatoes, cake, pie, cracker, biscuit, gravy, pastry, semolina, rye, triticale, corn, graham flour, soy sauce, beer, cake, spelt, Tomato,Eggplant,Pepper,Potato, cereal, cheese, tinned vegetable, bread, chip, sausage, bacon, ham, salami, paté, cake, biscuit,  salted nuts, smoked meat, cured meat, sardines, anchovies, sausage, frankfurter, bacon"},{"expected":"Candy,Pastry,White rice,White bread,Pasta,White potatoes,Watermelon,Orange,Lemon,Citrus,Tomato,Pepper,Chilli,Chocolate,Coffee,Peppermint,Mint,Onion,Garlic","actual":"Candy,Pastry,White rice,White bread,Pasta,White potatoes,Watermelon,Orange,Lemon,Citrus,Tomato,Pepper,Chilli,Chocolate,Coffee,Peppermint,Mint,Onion,Garlic","count":1},{"expected":"Vodka, gin, baijiu, shōchū, soju, tequila, rum, whisky, brandy,  singani,  Beer, wine, cider, sake, huangjiu, cereal, crackers, malt, pasta, pastries, bread, beer, chapati,  cream, butter, cheese, infant formula,  yogurt, milk, beef, veal, lamb, mutton, pork, goat, venison, french fries, fried chicken, fried fish, doughnuts, fried onion rings, fried tofu, mozarella stick, churro, persimmon, garlic, onion, Lentils,Peas,Broad bean,Chickpea,Soybean,lima bean,beans,Peanut,barley,corn,rice,soybean, bananas eggs, Popcorn, arugula, bok choy, collard greens, dandelion green, kale, mustard green, rapini, broccoli raab, spinach, swiss chard, turnip green, almonds,Brazil nuts,cashew nuts,hazelnuts,macadamias,pecans,pine nuts,pistachios","count":1,"actual":"Soybean Oil,Soy,broccoli,Brussels sprouts,Cabbage,Cauliflower,Kale,Seaweed,Kelp,Fish,Gluten,Bread, cream, butter, cheese, infant formula,  yogurt,Caffeine"},{"actual":"Vodka, gin, baijiu, shōchū, soju, tequila, rum, whisky, brandy,  singani,  Beer, wine, cider, sake, huangjiu, cereal, crackers, malt, pasta, pastries, bread, beer, chapati,  cream, butter, cheese, infant formula,  yogurt, milk, beef, veal, lamb, mutton, pork, goat, venison, french fries, fried chicken, fried fish, doughnuts, fried onion rings, fried tofu, mozarella stick, churro, persimmon, garlic, onion, Lentils,Peas,Broad bean,Chickpea,Soybean,lima bean,beans,Peanut,barley,corn,rice,soybean, bananas eggs, Popcorn, arugula, bok choy, collard greens, dandelion green, kale, mustard green, rapini, broccoli raab, spinach, swiss chard, turnip green, almonds,Brazil nuts,cashew nuts,hazelnuts,macadamias,pecans,pine nuts,pistachios","expected":"salted nuts, smoked meat, cured meat, sardines, anchovies, sausage, frankfurter, bacon, french fries, fried chicken, fried fish, doughnuts, fried onion rings, fried tofu, mozarella stick, churro, Beef, pork, lamb, venison, and boar, ","count":1},{"count":1,"actual":"Vodka, gin, baijiu, shōchū, soju, tequila, rum, whisky, brandy,  singani,  Beer, wine, cider, sake, huangjiu,coffee, tea, espresso, chocolate,  cream, butter, cheese, infant formula,  yogurt, french fries, fried chicken, fried fish, doughnuts, fried onion rings, fried tofu, mozarella stick, churro, ","expected":"Vodka, gin, baijiu, shōchū, soju, tequila, rum, whisky, brandy,  singani,  Beer, wine, cider, sake, huangjiu,coffee, tea, espresso, chocolate,  cream, butter, cheese, infant formula,  yogurt, french fries, fried chicken, fried fish, doughnuts, fried onion rings, fried tofu, mozarella stick, churro, "},{"actual":"White rice,White bread,White potatoes, cake, pie, cracker, biscuit, gravy, pastry, semolina, rye, triticale, corn, graham flour, soy sauce, beer, cake, spelt, ","count":1,"expected":"Beef, pork, lamb, venison, boar, vodka, gin, baijiu, shōchū, soju, tequila, rum, whisky, brandy, singani, beer, wine, cider, sake, huangjiu, White rice,White bread,White potatoes, cake, pie, cracker, biscuit, gravy, pastry, semolina, rye, triticale, corn, graham flour, soy sauce, beer, cake, spelt, Tomato,Eggplant,Pepper,Potato, cereal, cheese, tinned vegetable, bread, chip, sausage, bacon, ham, salami, paté, cake, biscuit,  salted nuts, smoked meat, cured meat, sardines, anchovies, sausage, frankfurter, bacon"},{"count":1,"expected":"White rice,White bread,White potatoes,Watermelon,Beef, pork, lamb, venison, and boar,Full-fat  cream, butter, cheese, infant formula,  yogurt,Vodka, gin, baijiu, shōchū, soju, tequila, rum, whisky, brandy,  singani,  Beer, wine, cider, sake, huangjiu,Full-sugar sauces","actual":"White rice,White bread,White potatoes,Watermelon,Beef, pork, lamb, venison, and boar,Full-fat  cream, butter, cheese, infant formula,  yogurt,Vodka, gin, baijiu, shōchū, soju, tequila, rum, whisky, brandy,  singani,  Beer, wine, cider, sake, huangjiu,Full-sugar sauces"},{"actual":"cream, butter, cheese, yogurt","expected":"cream, butter, cheese, yogurt","count":1},{"count":1,"actual":"oranges, lemons, limes, cheese, ice cream, milk, chili, chili powder, jalapeno, cabbage, cauliflower, onions","expected":"oranges, lemons, limes, cheese, ice cream, milk, chili, chili powder, jalapeno, cabbage, cauliflower, onions"},{"expected":"salted nuts, smoked meat, cured meat, sardines, anchovies, sausage, frankfurter, bacon, Swordfish,Mackerel,Tilefish, ,butter, ghee, lard, sour cream, cream cheese, icecream, cheese cracker, sausage, pork belly, ribeye, short-ribs, thigh,fried,Vodka, gin, baijiu, shōchū, soju, tequila, rum, whisky, brandy,  singani,  Beer, wine, cider, sake, huangjiu,coffee, espresso, tea, soda, chocolate","actual":"salted nuts, smoked meat, cured meat, sardines, anchovies, sausage, frankfurter, bacon, Swordfish,Mackerel,Tilefish, ,butter, ghee, lard, sour cream, cream cheese, icecream, cheese cracker, sausage, pork belly, ribeye, short-ribs, thigh,fried,Vodka, gin, baijiu, shōchū, soju, tequila, rum, whisky, brandy,  singani,  Beer, wine, cider, sake, huangjiu,coffee, espresso, tea, soda, chocolate","count":1},{"actual":"salted nuts, smoked meat, cured meat, sardines, anchovies, sausage, frankfurter, bacon, french fries, fried chicken, fried fish, doughnuts, fried onion rings, fried tofu, mozarella stick, churro, Beef, pork, lamb, venison, and boar, ","expected":"White rice,White bread,White potatoes, cake, pie, cracker, biscuit, gravy, pastry, semolina, rye, triticale, corn, graham flour, soy sauce, beer, cake, spelt, ","count":1},{"actual":"shortening, margarine, fries, doughnuts, fried chicken, microwave popcorn,Beef, pork, lamb, venison, and boar,Tomato,Eggplant,Pepper,Potato,Vodka, gin, baijiu, shōchū, soju, tequila, rum, whisky, brandy,  singani,  Beer, wine, cider, sake, huangjiu,Corn Oil,Soybean Oil,mayonnaise, walnuts, sunflower seeds, almonds, cashews, cream, butter, cheese, infant formula,  yogurt","expected":"shortening, margarine, fries, doughnuts, fried chicken, microwave popcorn,Beef, pork, lamb, venison, and boar,Tomato,Eggplant,Pepper,Potato,Vodka, gin, baijiu, shōchū, soju, tequila, rum, whisky, brandy,  singani,  Beer, wine, cider, sake, huangjiu,Corn Oil,Soybean Oil,mayonnaise, walnuts, sunflower seeds, almonds, cashews, cream, butter, cheese, infant formula,  yogurt","count":1}],"statsByLabel":{"Vodka, gin, baijiu, shōchū, soju, tequila, rum, whisky, brandy,  singani,  Beer, wine, cider, sake, huangjiu,coffee, tea, espresso, chocolate,  cream, butter, cheese, infant formula,  yogurt, french fries, fried chicken, fried fish, doughnuts, fried onion rings, fried tofu, mozarella stick, churro, ":{"precisionRecall":{"success":{"precision":1,"recall":1}},"count":1},"cream, butter, cheese, yogurt":{"count":1,"precisionRecall":{"success":{"precision":1,"recall":1}}},"salted nuts, smoked meat, cured meat, sardines, anchovies, sausage, frankfurter, bacon, french fries, fried chicken, fried fish, doughnuts, fried onion rings, fried tofu, mozarella stick, churro, Beef, pork, lamb, venison, and boar, ":{"count":1,"precisionRecall":{"success":{"recall":0,"precision":0}}},"Soybean Oil,Soy,broccoli,Brussels sprouts,Cabbage,Cauliflower,Kale,Seaweed,Kelp,Fish,Gluten,Bread, cream, butter, cheese, infant formula,  yogurt,Caffeine":{"count":1,"precisionRecall":{"success":{"recall":0,"precision":0}}},"salted nuts, smoked meat, cured meat, sardines, anchovies, sausage, frankfurter, bacon, Swordfish,Mackerel,Tilefish, ,butter, ghee, lard, sour cream, cream cheese, icecream, cheese cracker, sausage, pork belly, ribeye, short-ribs, thigh,fried,Vodka, gin, baijiu, shōchū, soju, tequila, rum, whisky, brandy,  singani,  Beer, wine, cider, sake, huangjiu,coffee, espresso, tea, soda, chocolate":{"count":1,"precisionRecall":{"success":{"recall":1,"precision":1}}},"Beef, pork, lamb, venison, boar, vodka, gin, baijiu, shōchū, soju, tequila, rum, whisky, brandy, singani, beer, wine, cider, sake, huangjiu, White rice,White bread,White potatoes, cake, pie, cracker, biscuit, gravy, pastry, semolina, rye, triticale, corn, graham flour, soy sauce, beer, cake, spelt, Tomato,Eggplant,Pepper,Potato, cereal, cheese, tinned vegetable, bread, chip, sausage, bacon, ham, salami, paté, cake, biscuit,  salted nuts, smoked meat, cured meat, sardines, anchovies, sausage, frankfurter, bacon":{"precisionRecall":{"success":{"precision":0.5,"recall":1}},"count":1},"oranges, lemons, limes, cheese, ice cream, milk, chili, chili powder, jalapeno, cabbage, cauliflower, onions":{"count":1,"precisionRecall":{"success":{"recall":1,"precision":0.5}}},"shortening, margarine, fries, doughnuts, fried chicken, microwave popcorn,Beef, pork, lamb, venison, and boar,Tomato,Eggplant,Pepper,Potato,Vodka, gin, baijiu, shōchū, soju, tequila, rum, whisky, brandy,  singani,  Beer, wine, cider, sake, huangjiu,Corn Oil,Soybean Oil,mayonnaise, walnuts, sunflower seeds, almonds, cashews, cream, butter, cheese, infant formula,  yogurt":{"count":1,"precisionRecall":{"success":{"precision":1,"recall":1}}},"White rice,White bread,White potatoes, cake, pie, cracker, biscuit, gravy, pastry, semolina, rye, triticale, corn, graham flour, soy sauce, beer, cake, spelt, ":{"precisionRecall":{"success":{"recall":0,"precision":0}},"count":1},"White rice,White bread,White potatoes,Watermelon,Beef, pork, lamb, venison, and boar,Full-fat  cream, butter, cheese, infant formula,  yogurt,Vodka, gin, baijiu, shōchū, soju, tequila, rum, whisky, brandy,  singani,  Beer, wine, cider, sake, huangjiu,Full-sugar sauces":{"count":1,"precisionRecall":{"success":{"recall":1,"precision":1}}},"Beef, pork, lamb, venison, boar, vodka, gin, baijiu, shōchū, soju, tequila, rum, whisky, brandy, singani, beer, wine, cider, sake, huangjiu, ":{"precisionRecall":{"success":{"precision":0,"recall":0}},"count":1},"Candy,Pastry,White rice,White bread,Pasta,White potatoes,Watermelon,Orange,Lemon,Citrus,Tomato,Pepper,Chilli,Chocolate,Coffee,Peppermint,Mint,Onion,Garlic":{"precisionRecall":{"success":{"recall":1,"precision":1}},"count":1},"Vodka, gin, baijiu, shōchū, soju, tequila, rum, whisky, brandy,  singani,  Beer, wine, cider, sake, huangjiu, cereal, crackers, malt, pasta, pastries, bread, beer, chapati,  cream, butter, cheese, infant formula,  yogurt, milk, beef, veal, lamb, mutton, pork, goat, venison, french fries, fried chicken, fried fish, doughnuts, fried onion rings, fried tofu, mozarella stick, churro, persimmon, garlic, onion, Lentils,Peas,Broad bean,Chickpea,Soybean,lima bean,beans,Peanut,barley,corn,rice,soybean, bananas eggs, Popcorn, arugula, bok choy, collard greens, dandelion green, kale, mustard green, rapini, broccoli raab, spinach, swiss chard, turnip green, almonds,Brazil nuts,cashew nuts,hazelnuts,macadamias,pecans,pine nuts,pistachios":{"count":1,"precisionRecall":{"success":{"recall":0,"precision":0}}}}}},"validationResults":{"generalClassifier":{"confusionMatrix":[{"count":1,"expected":"oranges, lemons, limes, cheese, ice cream, milk, chili, chili powder, jalapeno, cabbage, cauliflower, onions","actual":"blue cheese, Swiss, Parmesan, feta, aged cheddar, salami, summer sausages, pepperoni, corned beef, olives, sauerkraut, kimchee, fava beans, snow peas, soy sauce, tofu, miso, teriyaki sauce, alcohol, chocolate, orange, lemon, grapefruit, coffee"}],"statsByLabel":{"blue cheese, Swiss, Parmesan, feta, aged cheddar, salami, summer sausages, pepperoni, corned beef, olives, sauerkraut, kimchee, fava beans, snow peas, soy sauce, tofu, miso, teriyaki sauce, alcohol, chocolate, orange, lemon, grapefruit, coffee":{"precisionRecall":{"success":{"precision":0,"recall":0}},"count":1},"oranges, lemons, limes, cheese, ice cream, milk, chili, chili powder, jalapeno, cabbage, cauliflower, onions":{"count":0,"precisionRecall":{"success":{"precision":0,"recall":0}}}},"accuracy":0}},"validationAccuracy":0,"dataSourceID":"59923583-875B-474E-BC81-F71E10C03A7C","checkpointMetrics":{},"snapshottableCheckpoints":{}},"id":"71E87ECE-F3C4-441F-AE2B-577E7D9BF55C"}