{"contentDataResult":{"createdDate":"2024-02-25T11:23:47Z"},"modelEntity":{"modifiedDate":"2024-02-25T11:23:47Z","createdDate":"2024-02-25T11:23:47Z","experimentID":"5E442873-8F08-43C5-8705-01AD9028502E","version":"1.0","modelURL":"Models\/Food%202.mlmodel","title":"","id":"DF0E9A57-D896-4FD1-B98E-7056BF8FEE0D","preferredFilename":""},"validationEntity":{"dataResult":{"createdDate":"2024-02-25T11:23:47Z"},"analysedDataType":"auto"},"settingEntity":{"handActionClassifierAugmentations":[],"taskType":"generalClassifier","augmentations":[],"harVideoAugmentations":0,"seedType":"default","styleTransferAlgorithmType":"image","targetColumn":"ingredients","suggestedColumnValues":["blue cheese, Swiss, Parmesan, feta, aged cheddar, salami, summer sausages, pepperoni, corned beef, olives, sauerkraut, kimchee, fava beans, snow peas, soy sauce, tofu, miso, teriyaki sauce, alcohol, chocolate, orange, lemon, grapefruit, coffee, oranges, lemons, limes, cheese, ice cream, milk, chili, chili powder, jalapeno, cabbage, cauliflower, onions, Beef, pork, lamb, venison, boar, vodka, gin, baijiu, shōchū, soju, tequila, rum, whisky, brandy, singani, beer, wine, cider, sake, huangjiu, , cream, butter, cheese, yogurt, White rice,White bread,White potatoes,Watermelon,Beef, pork, lamb, venison, and boar,Full-fat  cream, butter, cheese, infant formula,  yogurt,Vodka, gin, baijiu, shōchū, soju, tequila, rum, whisky, brandy,  singani,  Beer, wine, cider, sake, huangjiu,Full-sugar sauces, Candy,Pastry,White rice,White bread,Pasta,White potatoes,Watermelon,Orange,Lemon,Citrus,Tomato,Pepper,Chilli,Chocolate,Coffee,Peppermint,Mint,Onion,Garlic, Vodka, gin, baijiu, shōchū, soju, tequila, rum, whisky, brandy,  singani,  Beer, wine, cider, sake, huangjiu,coffee, tea, espresso, chocolate,  cream, butter, cheese, infant formula,  yogurt, french fries, fried chicken, fried fish, doughnuts, fried onion rings, fried tofu, mozarella stick, churro, , salted nuts, smoked meat, cured meat, sardines, anchovies, sausage, frankfurter, bacon, Swordfish,Mackerel,Tilefish, ,butter, ghee, lard, sour cream, cream cheese, icecream, cheese cracker, sausage, pork belly, ribeye, short-ribs, thigh,fried,Vodka, gin, baijiu, shōchū, soju, tequila, rum, whisky, brandy,  singani,  Beer, wine, cider, sake, huangjiu,coffee, espresso, tea, soda, chocolate, shortening, margarine, fries, doughnuts, fried chicken, microwave popcorn,Beef, pork, lamb, venison, and boar,Tomato,Eggplant,Pepper,Potato,Vodka, gin, baijiu, shōchū, soju, tequila, rum, whisky, brandy,  singani,  Beer, wine, cider, sake, huangjiu,Corn Oil,Soybean Oil,mayonnaise, walnuts, sunflower seeds, almonds, cashews, cream, butter, cheese, infant formula,  yogurt, Soybean Oil,Soy,broccoli,Brussels sprouts,Cabbage,Cauliflower,Kale,Seaweed,Kelp,Fish,Gluten,Bread, cream, butter, cheese, infant formula,  yogurt,Caffeine, Vodka, gin, baijiu, shōchū, soju, tequila, rum, whisky, brandy,  singani,  Beer, wine, cider, sake, huangjiu, cereal, crackers, malt, pasta, pastries, bread, beer, chapati,  cream, butter, cheese, infant formula,  yogurt, milk, beef, veal, lamb, mutton, pork, goat, venison, french fries, fried chicken, fried fish, doughnuts, fried onion rings, fried tofu, mozarella stick, churro, persimmon, garlic, onion, Lentils,Peas,Broad bean,Chickpea,Soybean,lima bean,beans,Peanut,barley,corn,rice,soybean, bananas eggs, Popcorn, arugula, bok choy, collard greens, dandelion green, kale, mustard green, rapini, broccoli raab, spinach, swiss chard, turnip green, almonds,Brazil nuts,cashew nuts,hazelnuts,macadamias,pecans,pine nuts,pistachios, salted nuts, smoked meat, cured meat, sardines, anchovies, sausage, frankfurter, bacon, french fries, fried chicken, fried fish, doughnuts, fried onion rings, fried tofu, mozarella stick, churro, Beef, pork, lamb, venison, and boar, , White rice,White bread,White potatoes, cake, pie, cracker, biscuit, gravy, pastry, semolina, rye, triticale, corn, graham flour, soy sauce, beer, cake, spelt, , Beef, pork, lamb, venison, boar, vodka, gin, baijiu, shōchū, soju, tequila, rum, whisky, brandy, singani, beer, wine, cider, sake, huangjiu, White rice,White bread,White potatoes, cake, pie, cracker, biscuit, gravy, pastry, semolina, rye, triticale, corn, graham flour, soy sauce, beer, cake, spelt, Tomato,Eggplant,Pepper,Potato, cereal, cheese, tinned vegetable, bread, chip, sausage, bacon, ham, salami, paté, cake, biscuit,  salted nuts, smoked meat, cured meat, sardines, anchovies, sausage, frankfurter, bacon","1, 2, 3, 4, 5, 6, 7, 8, 9, 10, 11, 12, 13, 14"],"featureNames":["order"],"generalClassifierType":{"logisticRegressionClassifier":{"l1Penalty":0,"l2Penalty":0.01,"stepSize":1,"convergenceThreshold":0.01,"featureRescaling":true}},"algorithmType":"maxEnt","suggestedColumns":["ingredients","order"],"suggestedColumnTypes":["String","Int"],"transferLearningEmbeddingType":"dynamic","handPoseClassifierAugmentations":[]},"modifiedDate":"2024-02-25T11:24:03Z","evaluationContainerEntity":{"createdDate":"2024-02-25T11:24:03Z","id":"b9f4675a-6826-4d3a-aa94-b157472e98bf","previewType":"tabularClassifier","testingEvaluationEntity":{"dataResult":{"createdDate":"2024-02-25T11:23:47Z"},"createdDate":"2024-02-25T11:23:47Z","id":"7d2c9125-5a7d-45ec-9e19-6b29041f26a2","analysedDataType":"none"},"evaluationEntities":[],"modifiedDate":"2024-02-25T11:24:03Z","validationEvaluationEntity":{"dataResult":{"createdDate":"2024-02-25T11:23:47Z"},"createdDate":"2024-02-25T11:23:47Z","analysedDataType":"auto","id":"b3c687a7-b5f3-4820-b2b6-878a7fb856c3","evaluationResult":{"generalClassifier":{"accuracy":0,"statsByLabel":{"oranges, lemons, limes, cheese, ice cream, milk, chili, chili powder, jalapeno, cabbage, cauliflower, onions":{"count":0,"precisionRecall":{"success":{"precision":0,"recall":0}}},"blue cheese, Swiss, Parmesan, feta, aged cheddar, salami, summer sausages, pepperoni, corned beef, olives, sauerkraut, kimchee, fava beans, snow peas, soy sauce, tofu, miso, teriyaki sauce, alcohol, chocolate, orange, lemon, grapefruit, coffee":{"precisionRecall":{"success":{"precision":0,"recall":0}},"count":1}},"confusionMatrix":[{"actual":"blue cheese, Swiss, Parmesan, feta, aged cheddar, salami, summer sausages, pepperoni, corned beef, olives, sauerkraut, kimchee, fava beans, snow peas, soy sauce, tofu, miso, teriyaki sauce, alcohol, chocolate, orange, lemon, grapefruit, coffee","count":1,"expected":"oranges, lemons, limes, cheese, ice cream, milk, chili, chili powder, jalapeno, cabbage, cauliflower, onions"}]}}},"trainingEvaluationEntity":{"id":"ba27197a-2e24-4e1a-b5aa-4a95bd6f260d","evaluationResult":{"generalClassifier":{"accuracy":0.6153846153846154,"statsByLabel":{"Vodka, gin, baijiu, shōchū, soju, tequila, rum, whisky, brandy,  singani,  Beer, wine, cider, sake, huangjiu, cereal, crackers, malt, pasta, pastries, bread, beer, chapati,  cream, butter, cheese, infant formula,  yogurt, milk, beef, veal, lamb, mutton, pork, goat, venison, french fries, fried chicken, fried fish, doughnuts, fried onion rings, fried tofu, mozarella stick, churro, persimmon, garlic, onion, Lentils,Peas,Broad bean,Chickpea,Soybean,lima bean,beans,Peanut,barley,corn,rice,soybean, bananas eggs, Popcorn, arugula, bok choy, collard greens, dandelion green, kale, mustard green, rapini, broccoli raab, spinach, swiss chard, turnip green, almonds,Brazil nuts,cashew nuts,hazelnuts,macadamias,pecans,pine nuts,pistachios":{"count":1,"precisionRecall":{"success":{"precision":0,"recall":0}}},"oranges, lemons, limes, cheese, ice cream, milk, chili, chili powder, jalapeno, cabbage, cauliflower, onions":{"precisionRecall":{"success":{"recall":1,"precision":0.5}},"count":1},"Candy,Pastry,White rice,White bread,Pasta,White potatoes,Watermelon,Orange,Lemon,Citrus,Tomato,Pepper,Chilli,Chocolate,Coffee,Peppermint,Mint,Onion,Garlic":{"precisionRecall":{"success":{"recall":1,"precision":1}},"count":1},"White rice,White bread,White potatoes,Watermelon,Beef, pork, lamb, venison, and boar,Full-fat  cream, butter, cheese, infant formula,  yogurt,Vodka, gin, baijiu, shōchū, soju, tequila, rum, whisky, brandy,  singani,  Beer, wine, cider, sake, huangjiu,Full-sugar sauces":{"count":1,"precisionRecall":{"success":{"precision":1,"recall":1}}},"salted nuts, smoked meat, cured meat, sardines, anchovies, sausage, frankfurter, bacon, french fries, fried chicken, fried fish, doughnuts, fried onion rings, fried tofu, mozarella stick, churro, Beef, pork, lamb, venison, and boar, ":{"precisionRecall":{"success":{"recall":0,"precision":0}},"count":1},"Vodka, gin, baijiu, shōchū, soju, tequila, rum, whisky, brandy,  singani,  Beer, wine, cider, sake, huangjiu,coffee, tea, espresso, chocolate,  cream, butter, cheese, infant formula,  yogurt, french fries, fried chicken, fried fish, doughnuts, fried onion rings, fried tofu, mozarella stick, churro, ":{"count":1,"precisionRecall":{"success":{"precision":1,"recall":1}}},"Soybean Oil,Soy,broccoli,Brussels sprouts,Cabbage,Cauliflower,Kale,Seaweed,Kelp,Fish,Gluten,Bread, cream, butter, cheese, infant formula,  yogurt,Caffeine":{"count":1,"precisionRecall":{"success":{"precision":0,"recall":0}}},"cream, butter, cheese, yogurt":{"precisionRecall":{"success":{"recall":1,"precision":1}},"count":1},"Beef, pork, lamb, venison, boar, vodka, gin, baijiu, shōchū, soju, tequila, rum, whisky, brandy, singani, beer, wine, cider, sake, huangjiu, ":{"count":1,"precisionRecall":{"success":{"recall":0,"precision":0}}},"salted nuts, smoked meat, cured meat, sardines, anchovies, sausage, frankfurter, bacon, Swordfish,Mackerel,Tilefish, ,butter, ghee, lard, sour cream, cream cheese, icecream, cheese cracker, sausage, pork belly, ribeye, short-ribs, thigh,fried,Vodka, gin, baijiu, shōchū, soju, tequila, rum, whisky, brandy,  singani,  Beer, wine, cider, sake, huangjiu,coffee, espresso, tea, soda, chocolate":{"precisionRecall":{"success":{"precision":1,"recall":1}},"count":1},"shortening, margarine, fries, doughnuts, fried chicken, microwave popcorn,Beef, pork, lamb, venison, and boar,Tomato,Eggplant,Pepper,Potato,Vodka, gin, baijiu, shōchū, soju, tequila, rum, whisky, brandy,  singani,  Beer, wine, cider, sake, huangjiu,Corn Oil,Soybean Oil,mayonnaise, walnuts, sunflower seeds, almonds, cashews, cream, butter, cheese, infant formula,  yogurt":{"count":1,"precisionRecall":{"success":{"precision":1,"recall":1}}},"White rice,White bread,White potatoes, cake, pie, cracker, biscuit, gravy, pastry, semolina, rye, triticale, corn, graham flour, soy sauce, beer, cake, spelt, ":{"precisionRecall":{"success":{"precision":0,"recall":0}},"count":1},"Beef, pork, lamb, venison, boar, vodka, gin, baijiu, shōchū, soju, tequila, rum, whisky, brandy, singani, beer, wine, cider, sake, huangjiu, White rice,White bread,White potatoes, cake, pie, cracker, biscuit, gravy, pastry, semolina, rye, triticale, corn, graham flour, soy sauce, beer, cake, spelt, Tomato,Eggplant,Pepper,Potato, cereal, cheese, tinned vegetable, bread, chip, sausage, bacon, ham, salami, paté, cake, biscuit,  salted nuts, smoked meat, cured meat, sardines, anchovies, sausage, frankfurter, bacon":{"precisionRecall":{"success":{"precision":0.5,"recall":1}},"count":1}},"confusionMatrix":[{"expected":"oranges, lemons, limes, cheese, ice cream, milk, chili, chili powder, jalapeno, cabbage, cauliflower, onions","actual":"Beef, pork, lamb, venison, boar, vodka, gin, baijiu, shōchū, soju, tequila, rum, whisky, brandy, singani, beer, wine, cider, sake, huangjiu, ","count":1},{"expected":"Beef, pork, lamb, venison, boar, vodka, gin, baijiu, shōchū, soju, tequila, rum, whisky, brandy, singani, beer, wine, cider, sake, huangjiu, White rice,White bread,White potatoes, cake, pie, cracker, biscuit, gravy, pastry, semolina, rye, triticale, corn, graham flour, soy sauce, beer, cake, spelt, Tomato,Eggplant,Pepper,Potato, cereal, cheese, tinned vegetable, bread, chip, sausage, bacon, ham, salami, paté, cake, biscuit,  salted nuts, smoked meat, cured meat, sardines, anchovies, sausage, frankfurter, bacon","count":1,"actual":"Beef, pork, lamb, venison, boar, vodka, gin, baijiu, shōchū, soju, tequila, rum, whisky, brandy, singani, beer, wine, cider, sake, huangjiu, White rice,White bread,White potatoes, cake, pie, cracker, biscuit, gravy, pastry, semolina, rye, triticale, corn, graham flour, soy sauce, beer, cake, spelt, Tomato,Eggplant,Pepper,Potato, cereal, cheese, tinned vegetable, bread, chip, sausage, bacon, ham, salami, paté, cake, biscuit,  salted nuts, smoked meat, cured meat, sardines, anchovies, sausage, frankfurter, bacon"},{"expected":"Candy,Pastry,White rice,White bread,Pasta,White potatoes,Watermelon,Orange,Lemon,Citrus,Tomato,Pepper,Chilli,Chocolate,Coffee,Peppermint,Mint,Onion,Garlic","count":1,"actual":"Candy,Pastry,White rice,White bread,Pasta,White potatoes,Watermelon,Orange,Lemon,Citrus,Tomato,Pepper,Chilli,Chocolate,Coffee,Peppermint,Mint,Onion,Garlic"},{"count":1,"actual":"Soybean Oil,Soy,broccoli,Brussels sprouts,Cabbage,Cauliflower,Kale,Seaweed,Kelp,Fish,Gluten,Bread, cream, butter, cheese, infant formula,  yogurt,Caffeine","expected":"Vodka, gin, baijiu, shōchū, soju, tequila, rum, whisky, brandy,  singani,  Beer, wine, cider, sake, huangjiu, cereal, crackers, malt, pasta, pastries, bread, beer, chapati,  cream, butter, cheese, infant formula,  yogurt, milk, beef, veal, lamb, mutton, pork, goat, venison, french fries, fried chicken, fried fish, doughnuts, fried onion rings, fried tofu, mozarella stick, churro, persimmon, garlic, onion, Lentils,Peas,Broad bean,Chickpea,Soybean,lima bean,beans,Peanut,barley,corn,rice,soybean, bananas eggs, Popcorn, arugula, bok choy, collard greens, dandelion green, kale, mustard green, rapini, broccoli raab, spinach, swiss chard, turnip green, almonds,Brazil nuts,cashew nuts,hazelnuts,macadamias,pecans,pine nuts,pistachios"},{"expected":"salted nuts, smoked meat, cured meat, sardines, anchovies, sausage, frankfurter, bacon, french fries, fried chicken, fried fish, doughnuts, fried onion rings, fried tofu, mozarella stick, churro, Beef, pork, lamb, venison, and boar, ","count":1,"actual":"Vodka, gin, baijiu, shōchū, soju, tequila, rum, whisky, brandy,  singani,  Beer, wine, cider, sake, huangjiu, cereal, crackers, malt, pasta, pastries, bread, beer, chapati,  cream, butter, cheese, infant formula,  yogurt, milk, beef, veal, lamb, mutton, pork, goat, venison, french fries, fried chicken, fried fish, doughnuts, fried onion rings, fried tofu, mozarella stick, churro, persimmon, garlic, onion, Lentils,Peas,Broad bean,Chickpea,Soybean,lima bean,beans,Peanut,barley,corn,rice,soybean, bananas eggs, Popcorn, arugula, bok choy, collard greens, dandelion green, kale, mustard green, rapini, broccoli raab, spinach, swiss chard, turnip green, almonds,Brazil nuts,cashew nuts,hazelnuts,macadamias,pecans,pine nuts,pistachios"},{"count":1,"actual":"Vodka, gin, baijiu, shōchū, soju, tequila, rum, whisky, brandy,  singani,  Beer, wine, cider, sake, huangjiu,coffee, tea, espresso, chocolate,  cream, butter, cheese, infant formula,  yogurt, french fries, fried chicken, fried fish, doughnuts, fried onion rings, fried tofu, mozarella stick, churro, ","expected":"Vodka, gin, baijiu, shōchū, soju, tequila, rum, whisky, brandy,  singani,  Beer, wine, cider, sake, huangjiu,coffee, tea, espresso, chocolate,  cream, butter, cheese, infant formula,  yogurt, french fries, fried chicken, fried fish, doughnuts, fried onion rings, fried tofu, mozarella stick, churro, "},{"expected":"Beef, pork, lamb, venison, boar, vodka, gin, baijiu, shōchū, soju, tequila, rum, whisky, brandy, singani, beer, wine, cider, sake, huangjiu, White rice,White bread,White potatoes, cake, pie, cracker, biscuit, gravy, pastry, semolina, rye, triticale, corn, graham flour, soy sauce, beer, cake, spelt, Tomato,Eggplant,Pepper,Potato, cereal, cheese, tinned vegetable, bread, chip, sausage, bacon, ham, salami, paté, cake, biscuit,  salted nuts, smoked meat, cured meat, sardines, anchovies, sausage, frankfurter, bacon","actual":"White rice,White bread,White potatoes, cake, pie, cracker, biscuit, gravy, pastry, semolina, rye, triticale, corn, graham flour, soy sauce, beer, cake, spelt, ","count":1},{"expected":"White rice,White bread,White potatoes,Watermelon,Beef, pork, lamb, venison, and boar,Full-fat  cream, butter, cheese, infant formula,  yogurt,Vodka, gin, baijiu, shōchū, soju, tequila, rum, whisky, brandy,  singani,  Beer, wine, cider, sake, huangjiu,Full-sugar sauces","count":1,"actual":"White rice,White bread,White potatoes,Watermelon,Beef, pork, lamb, venison, and boar,Full-fat  cream, butter, cheese, infant formula,  yogurt,Vodka, gin, baijiu, shōchū, soju, tequila, rum, whisky, brandy,  singani,  Beer, wine, cider, sake, huangjiu,Full-sugar sauces"},{"actual":"cream, butter, cheese, yogurt","expected":"cream, butter, cheese, yogurt","count":1},{"expected":"oranges, lemons, limes, cheese, ice cream, milk, chili, chili powder, jalapeno, cabbage, cauliflower, onions","count":1,"actual":"oranges, lemons, limes, cheese, ice cream, milk, chili, chili powder, jalapeno, cabbage, cauliflower, onions"},{"expected":"salted nuts, smoked meat, cured meat, sardines, anchovies, sausage, frankfurter, bacon, Swordfish,Mackerel,Tilefish, ,butter, ghee, lard, sour cream, cream cheese, icecream, cheese cracker, sausage, pork belly, ribeye, short-ribs, thigh,fried,Vodka, gin, baijiu, shōchū, soju, tequila, rum, whisky, brandy,  singani,  Beer, wine, cider, sake, huangjiu,coffee, espresso, tea, soda, chocolate","count":1,"actual":"salted nuts, smoked meat, cured meat, sardines, anchovies, sausage, frankfurter, bacon, Swordfish,Mackerel,Tilefish, ,butter, ghee, lard, sour cream, cream cheese, icecream, cheese cracker, sausage, pork belly, ribeye, short-ribs, thigh,fried,Vodka, gin, baijiu, shōchū, soju, tequila, rum, whisky, brandy,  singani,  Beer, wine, cider, sake, huangjiu,coffee, espresso, tea, soda, chocolate"},{"actual":"salted nuts, smoked meat, cured meat, sardines, anchovies, sausage, frankfurter, bacon, french fries, fried chicken, fried fish, doughnuts, fried onion rings, fried tofu, mozarella stick, churro, Beef, pork, lamb, venison, and boar, ","expected":"White rice,White bread,White potatoes, cake, pie, cracker, biscuit, gravy, pastry, semolina, rye, triticale, corn, graham flour, soy sauce, beer, cake, spelt, ","count":1},{"expected":"shortening, margarine, fries, doughnuts, fried chicken, microwave popcorn,Beef, pork, lamb, venison, and boar,Tomato,Eggplant,Pepper,Potato,Vodka, gin, baijiu, shōchū, soju, tequila, rum, whisky, brandy,  singani,  Beer, wine, cider, sake, huangjiu,Corn Oil,Soybean Oil,mayonnaise, walnuts, sunflower seeds, almonds, cashews, cream, butter, cheese, infant formula,  yogurt","count":1,"actual":"shortening, margarine, fries, doughnuts, fried chicken, microwave popcorn,Beef, pork, lamb, venison, and boar,Tomato,Eggplant,Pepper,Potato,Vodka, gin, baijiu, shōchū, soju, tequila, rum, whisky, brandy,  singani,  Beer, wine, cider, sake, huangjiu,Corn Oil,Soybean Oil,mayonnaise, walnuts, sunflower seeds, almonds, cashews, cream, butter, cheese, infant formula,  yogurt"}]}},"dataSourceID":"59923583-875B-474E-BC81-F71E10C03A7C","analysedDataType":"none","createdDate":"2024-02-25T11:23:47Z","dataResult":{"dataURL":"file:\/\/\/Users\/daksharajagopal\/Downloads\/food%20-%20Sheet2.csv","classesCount":14,"itemsCount":14,"createdDate":"2024-02-25T11:23:47Z","dataSourceID":"59923583-875B-474E-BC81-F71E10C03A7C","dataAnalysis":{"summary":{"sampleCount":14,"canUseValidation":0,"classCount":14},"issues":[{"severity":"info","description":"Data has 14 rows"}],"classifierAnalysis":{}}}}},"evaluationState":"uninitialized","snapshotRole":{"withoutSnapshots":0},"preferredFilename":"Food 2","id":"5E442873-8F08-43C5-8705-01AD9028502E","trainingEntity":{"startTime":"2024-02-25T11:24:02Z","featureExtractionCheckpointMayBeAvailable":false,"analysedDataType":"datasource","finishTime":"2024-02-25T11:24:03Z","progress":[],"trainingAccuracy":0.6153846153846154,"trainingResults":{"generalClassifier":{"accuracy":0.6153846153846154,"statsByLabel":{"White rice,White bread,White potatoes, cake, pie, cracker, biscuit, gravy, pastry, semolina, rye, triticale, corn, graham flour, soy sauce, beer, cake, spelt, ":{"precisionRecall":{"success":{"precision":0,"recall":0}},"count":1},"White rice,White bread,White potatoes,Watermelon,Beef, pork, lamb, venison, and boar,Full-fat  cream, butter, cheese, infant formula,  yogurt,Vodka, gin, baijiu, shōchū, soju, tequila, rum, whisky, brandy,  singani,  Beer, wine, cider, sake, huangjiu,Full-sugar sauces":{"count":1,"precisionRecall":{"success":{"precision":1,"recall":1}}},"Candy,Pastry,White rice,White bread,Pasta,White potatoes,Watermelon,Orange,Lemon,Citrus,Tomato,Pepper,Chilli,Chocolate,Coffee,Peppermint,Mint,Onion,Garlic":{"precisionRecall":{"success":{"recall":1,"precision":1}},"count":1},"Beef, pork, lamb, venison, boar, vodka, gin, baijiu, shōchū, soju, tequila, rum, whisky, brandy, singani, beer, wine, cider, sake, huangjiu, White rice,White bread,White potatoes, cake, pie, cracker, biscuit, gravy, pastry, semolina, rye, triticale, corn, graham flour, soy sauce, beer, cake, spelt, Tomato,Eggplant,Pepper,Potato, cereal, cheese, tinned vegetable, bread, chip, sausage, bacon, ham, salami, paté, cake, biscuit,  salted nuts, smoked meat, cured meat, sardines, anchovies, sausage, frankfurter, bacon":{"count":1,"precisionRecall":{"success":{"recall":1,"precision":0.5}}},"Vodka, gin, baijiu, shōchū, soju, tequila, rum, whisky, brandy,  singani,  Beer, wine, cider, sake, huangjiu, cereal, crackers, malt, pasta, pastries, bread, beer, chapati,  cream, butter, cheese, infant formula,  yogurt, milk, beef, veal, lamb, mutton, pork, goat, venison, french fries, fried chicken, fried fish, doughnuts, fried onion rings, fried tofu, mozarella stick, churro, persimmon, garlic, onion, Lentils,Peas,Broad bean,Chickpea,Soybean,lima bean,beans,Peanut,barley,corn,rice,soybean, bananas eggs, Popcorn, arugula, bok choy, collard greens, dandelion green, kale, mustard green, rapini, broccoli raab, spinach, swiss chard, turnip green, almonds,Brazil nuts,cashew nuts,hazelnuts,macadamias,pecans,pine nuts,pistachios":{"precisionRecall":{"success":{"precision":0,"recall":0}},"count":1},"shortening, margarine, fries, doughnuts, fried chicken, microwave popcorn,Beef, pork, lamb, venison, and boar,Tomato,Eggplant,Pepper,Potato,Vodka, gin, baijiu, shōchū, soju, tequila, rum, whisky, brandy,  singani,  Beer, wine, cider, sake, huangjiu,Corn Oil,Soybean Oil,mayonnaise, walnuts, sunflower seeds, almonds, cashews, cream, butter, cheese, infant formula,  yogurt":{"precisionRecall":{"success":{"precision":1,"recall":1}},"count":1},"Vodka, gin, baijiu, shōchū, soju, tequila, rum, whisky, brandy,  singani,  Beer, wine, cider, sake, huangjiu,coffee, tea, espresso, chocolate,  cream, butter, cheese, infant formula,  yogurt, french fries, fried chicken, fried fish, doughnuts, fried onion rings, fried tofu, mozarella stick, churro, ":{"count":1,"precisionRecall":{"success":{"precision":1,"recall":1}}},"salted nuts, smoked meat, cured meat, sardines, anchovies, sausage, frankfurter, bacon, Swordfish,Mackerel,Tilefish, ,butter, ghee, lard, sour cream, cream cheese, icecream, cheese cracker, sausage, pork belly, ribeye, short-ribs, thigh,fried,Vodka, gin, baijiu, shōchū, soju, tequila, rum, whisky, brandy,  singani,  Beer, wine, cider, sake, huangjiu,coffee, espresso, tea, soda, chocolate":{"count":1,"precisionRecall":{"success":{"recall":1,"precision":1}}},"salted nuts, smoked meat, cured meat, sardines, anchovies, sausage, frankfurter, bacon, french fries, fried chicken, fried fish, doughnuts, fried onion rings, fried tofu, mozarella stick, churro, Beef, pork, lamb, venison, and boar, ":{"precisionRecall":{"success":{"recall":0,"precision":0}},"count":1},"Beef, pork, lamb, venison, boar, vodka, gin, baijiu, shōchū, soju, tequila, rum, whisky, brandy, singani, beer, wine, cider, sake, huangjiu, ":{"count":1,"precisionRecall":{"success":{"precision":0,"recall":0}}},"Soybean Oil,Soy,broccoli,Brussels sprouts,Cabbage,Cauliflower,Kale,Seaweed,Kelp,Fish,Gluten,Bread, cream, butter, cheese, infant formula,  yogurt,Caffeine":{"precisionRecall":{"success":{"precision":0,"recall":0}},"count":1},"cream, butter, cheese, yogurt":{"count":1,"precisionRecall":{"success":{"recall":1,"precision":1}}},"oranges, lemons, limes, cheese, ice cream, milk, chili, chili powder, jalapeno, cabbage, cauliflower, onions":{"count":1,"precisionRecall":{"success":{"precision":0.5,"recall":1}}}},"confusionMatrix":[{"actual":"Beef, pork, lamb, venison, boar, vodka, gin, baijiu, shōchū, soju, tequila, rum, whisky, brandy, singani, beer, wine, cider, sake, huangjiu, ","count":1,"expected":"oranges, lemons, limes, cheese, ice cream, milk, chili, chili powder, jalapeno, cabbage, cauliflower, onions"},{"count":1,"expected":"Beef, pork, lamb, venison, boar, vodka, gin, baijiu, shōchū, soju, tequila, rum, whisky, brandy, singani, beer, wine, cider, sake, huangjiu, White rice,White bread,White potatoes, cake, pie, cracker, biscuit, gravy, pastry, semolina, rye, triticale, corn, graham flour, soy sauce, beer, cake, spelt, Tomato,Eggplant,Pepper,Potato, cereal, cheese, tinned vegetable, bread, chip, sausage, bacon, ham, salami, paté, cake, biscuit,  salted nuts, smoked meat, cured meat, sardines, anchovies, sausage, frankfurter, bacon","actual":"Beef, pork, lamb, venison, boar, vodka, gin, baijiu, shōchū, soju, tequila, rum, whisky, brandy, singani, beer, wine, cider, sake, huangjiu, White rice,White bread,White potatoes, cake, pie, cracker, biscuit, gravy, pastry, semolina, rye, triticale, corn, graham flour, soy sauce, beer, cake, spelt, Tomato,Eggplant,Pepper,Potato, cereal, cheese, tinned vegetable, bread, chip, sausage, bacon, ham, salami, paté, cake, biscuit,  salted nuts, smoked meat, cured meat, sardines, anchovies, sausage, frankfurter, bacon"},{"actual":"Candy,Pastry,White rice,White bread,Pasta,White potatoes,Watermelon,Orange,Lemon,Citrus,Tomato,Pepper,Chilli,Chocolate,Coffee,Peppermint,Mint,Onion,Garlic","count":1,"expected":"Candy,Pastry,White rice,White bread,Pasta,White potatoes,Watermelon,Orange,Lemon,Citrus,Tomato,Pepper,Chilli,Chocolate,Coffee,Peppermint,Mint,Onion,Garlic"},{"count":1,"actual":"Soybean Oil,Soy,broccoli,Brussels sprouts,Cabbage,Cauliflower,Kale,Seaweed,Kelp,Fish,Gluten,Bread, cream, butter, cheese, infant formula,  yogurt,Caffeine","expected":"Vodka, gin, baijiu, shōchū, soju, tequila, rum, whisky, brandy,  singani,  Beer, wine, cider, sake, huangjiu, cereal, crackers, malt, pasta, pastries, bread, beer, chapati,  cream, butter, cheese, infant formula,  yogurt, milk, beef, veal, lamb, mutton, pork, goat, venison, french fries, fried chicken, fried fish, doughnuts, fried onion rings, fried tofu, mozarella stick, churro, persimmon, garlic, onion, Lentils,Peas,Broad bean,Chickpea,Soybean,lima bean,beans,Peanut,barley,corn,rice,soybean, bananas eggs, Popcorn, arugula, bok choy, collard greens, dandelion green, kale, mustard green, rapini, broccoli raab, spinach, swiss chard, turnip green, almonds,Brazil nuts,cashew nuts,hazelnuts,macadamias,pecans,pine nuts,pistachios"},{"actual":"Vodka, gin, baijiu, shōchū, soju, tequila, rum, whisky, brandy,  singani,  Beer, wine, cider, sake, huangjiu, cereal, crackers, malt, pasta, pastries, bread, beer, chapati,  cream, butter, cheese, infant formula,  yogurt, milk, beef, veal, lamb, mutton, pork, goat, venison, french fries, fried chicken, fried fish, doughnuts, fried onion rings, fried tofu, mozarella stick, churro, persimmon, garlic, onion, Lentils,Peas,Broad bean,Chickpea,Soybean,lima bean,beans,Peanut,barley,corn,rice,soybean, bananas eggs, Popcorn, arugula, bok choy, collard greens, dandelion green, kale, mustard green, rapini, broccoli raab, spinach, swiss chard, turnip green, almonds,Brazil nuts,cashew nuts,hazelnuts,macadamias,pecans,pine nuts,pistachios","count":1,"expected":"salted nuts, smoked meat, cured meat, sardines, anchovies, sausage, frankfurter, bacon, french fries, fried chicken, fried fish, doughnuts, fried onion rings, fried tofu, mozarella stick, churro, Beef, pork, lamb, venison, and boar, "},{"actual":"Vodka, gin, baijiu, shōchū, soju, tequila, rum, whisky, brandy,  singani,  Beer, wine, cider, sake, huangjiu,coffee, tea, espresso, chocolate,  cream, butter, cheese, infant formula,  yogurt, french fries, fried chicken, fried fish, doughnuts, fried onion rings, fried tofu, mozarella stick, churro, ","expected":"Vodka, gin, baijiu, shōchū, soju, tequila, rum, whisky, brandy,  singani,  Beer, wine, cider, sake, huangjiu,coffee, tea, espresso, chocolate,  cream, butter, cheese, infant formula,  yogurt, french fries, fried chicken, fried fish, doughnuts, fried onion rings, fried tofu, mozarella stick, churro, ","count":1},{"expected":"Beef, pork, lamb, venison, boar, vodka, gin, baijiu, shōchū, soju, tequila, rum, whisky, brandy, singani, beer, wine, cider, sake, huangjiu, White rice,White bread,White potatoes, cake, pie, cracker, biscuit, gravy, pastry, semolina, rye, triticale, corn, graham flour, soy sauce, beer, cake, spelt, Tomato,Eggplant,Pepper,Potato, cereal, cheese, tinned vegetable, bread, chip, sausage, bacon, ham, salami, paté, cake, biscuit,  salted nuts, smoked meat, cured meat, sardines, anchovies, sausage, frankfurter, bacon","count":1,"actual":"White rice,White bread,White potatoes, cake, pie, cracker, biscuit, gravy, pastry, semolina, rye, triticale, corn, graham flour, soy sauce, beer, cake, spelt, "},{"count":1,"actual":"White rice,White bread,White potatoes,Watermelon,Beef, pork, lamb, venison, and boar,Full-fat  cream, butter, cheese, infant formula,  yogurt,Vodka, gin, baijiu, shōchū, soju, tequila, rum, whisky, brandy,  singani,  Beer, wine, cider, sake, huangjiu,Full-sugar sauces","expected":"White rice,White bread,White potatoes,Watermelon,Beef, pork, lamb, venison, and boar,Full-fat  cream, butter, cheese, infant formula,  yogurt,Vodka, gin, baijiu, shōchū, soju, tequila, rum, whisky, brandy,  singani,  Beer, wine, cider, sake, huangjiu,Full-sugar sauces"},{"actual":"cream, butter, cheese, yogurt","count":1,"expected":"cream, butter, cheese, yogurt"},{"expected":"oranges, lemons, limes, cheese, ice cream, milk, chili, chili powder, jalapeno, cabbage, cauliflower, onions","count":1,"actual":"oranges, lemons, limes, cheese, ice cream, milk, chili, chili powder, jalapeno, cabbage, cauliflower, onions"},{"expected":"salted nuts, smoked meat, cured meat, sardines, anchovies, sausage, frankfurter, bacon, Swordfish,Mackerel,Tilefish, ,butter, ghee, lard, sour cream, cream cheese, icecream, cheese cracker, sausage, pork belly, ribeye, short-ribs, thigh,fried,Vodka, gin, baijiu, shōchū, soju, tequila, rum, whisky, brandy,  singani,  Beer, wine, cider, sake, huangjiu,coffee, espresso, tea, soda, chocolate","actual":"salted nuts, smoked meat, cured meat, sardines, anchovies, sausage, frankfurter, bacon, Swordfish,Mackerel,Tilefish, ,butter, ghee, lard, sour cream, cream cheese, icecream, cheese cracker, sausage, pork belly, ribeye, short-ribs, thigh,fried,Vodka, gin, baijiu, shōchū, soju, tequila, rum, whisky, brandy,  singani,  Beer, wine, cider, sake, huangjiu,coffee, espresso, tea, soda, chocolate","count":1},{"actual":"salted nuts, smoked meat, cured meat, sardines, anchovies, sausage, frankfurter, bacon, french fries, fried chicken, fried fish, doughnuts, fried onion rings, fried tofu, mozarella stick, churro, Beef, pork, lamb, venison, and boar, ","count":1,"expected":"White rice,White bread,White potatoes, cake, pie, cracker, biscuit, gravy, pastry, semolina, rye, triticale, corn, graham flour, soy sauce, beer, cake, spelt, "},{"expected":"shortening, margarine, fries, doughnuts, fried chicken, microwave popcorn,Beef, pork, lamb, venison, and boar,Tomato,Eggplant,Pepper,Potato,Vodka, gin, baijiu, shōchū, soju, tequila, rum, whisky, brandy,  singani,  Beer, wine, cider, sake, huangjiu,Corn Oil,Soybean Oil,mayonnaise, walnuts, sunflower seeds, almonds, cashews, cream, butter, cheese, infant formula,  yogurt","count":1,"actual":"shortening, margarine, fries, doughnuts, fried chicken, microwave popcorn,Beef, pork, lamb, venison, and boar,Tomato,Eggplant,Pepper,Potato,Vodka, gin, baijiu, shōchū, soju, tequila, rum, whisky, brandy,  singani,  Beer, wine, cider, sake, huangjiu,Corn Oil,Soybean Oil,mayonnaise, walnuts, sunflower seeds, almonds, cashews, cream, butter, cheese, infant formula,  yogurt"}]}},"validationResults":{"generalClassifier":{"confusionMatrix":[{"count":1,"actual":"blue cheese, Swiss, Parmesan, feta, aged cheddar, salami, summer sausages, pepperoni, corned beef, olives, sauerkraut, kimchee, fava beans, snow peas, soy sauce, tofu, miso, teriyaki sauce, alcohol, chocolate, orange, lemon, grapefruit, coffee","expected":"oranges, lemons, limes, cheese, ice cream, milk, chili, chili powder, jalapeno, cabbage, cauliflower, onions"}],"accuracy":0,"statsByLabel":{"oranges, lemons, limes, cheese, ice cream, milk, chili, chili powder, jalapeno, cabbage, cauliflower, onions":{"precisionRecall":{"success":{"recall":0,"precision":0}},"count":0},"blue cheese, Swiss, Parmesan, feta, aged cheddar, salami, summer sausages, pepperoni, corned beef, olives, sauerkraut, kimchee, fava beans, snow peas, soy sauce, tofu, miso, teriyaki sauce, alcohol, chocolate, orange, lemon, grapefruit, coffee":{"precisionRecall":{"success":{"precision":0,"recall":0}},"count":1}}}},"dataResult":{"itemsCount":14,"columns":["ingredients","order"],"createdDate":"2024-02-25T11:23:47Z","dataSourceID":"59923583-875B-474E-BC81-F71E10C03A7C","dataURL":"file:\/\/\/Users\/daksharajagopal\/Downloads\/food%20-%20Sheet2.csv","dataAnalysis":{"classifierAnalysis":{},"summary":{"sampleCount":14,"canUseValidation":0,"classCount":14},"issues":[{"severity":"info","description":"Data has 14 rows"}]},"columnTypes":["String","Int"],"classesCount":14,"columnValues":["blue cheese, Swiss, Parmesan, feta, aged cheddar, salami, summer sausages, pepperoni, corned beef, olives, sauerkraut, kimchee, fava beans, snow peas, soy sauce, tofu, miso, teriyaki sauce, alcohol, chocolate, orange, lemon, grapefruit, coffee, oranges, lemons, limes, cheese, ice cream, milk, chili, chili powder, jalapeno, cabbage, cauliflower, onions, Beef, pork, lamb, venison, boar, vodka, gin, baijiu, shōchū, soju, tequila, rum, whisky, brandy, singani, beer, wine, cider, sake, huangjiu, , cream, butter, cheese, yogurt, White rice,White bread,White potatoes,Watermelon,Beef, pork, lamb, venison, and boar,Full-fat  cream, butter, cheese, infant formula,  yogurt,Vodka, gin, baijiu, shōchū, soju, tequila, rum, whisky, brandy,  singani,  Beer, wine, cider, sake, huangjiu,Full-sugar sauces, Candy,Pastry,White rice,White bread,Pasta,White potatoes,Watermelon,Orange,Lemon,Citrus,Tomato,Pepper,Chilli,Chocolate,Coffee,Peppermint,Mint,Onion,Garlic, Vodka, gin, baijiu, shōchū, soju, tequila, rum, whisky, brandy,  singani,  Beer, wine, cider, sake, huangjiu,coffee, tea, espresso, chocolate,  cream, butter, cheese, infant formula,  yogurt, french fries, fried chicken, fried fish, doughnuts, fried onion rings, fried tofu, mozarella stick, churro, , salted nuts, smoked meat, cured meat, sardines, anchovies, sausage, frankfurter, bacon, Swordfish,Mackerel,Tilefish, ,butter, ghee, lard, sour cream, cream cheese, icecream, cheese cracker, sausage, pork belly, ribeye, short-ribs, thigh,fried,Vodka, gin, baijiu, shōchū, soju, tequila, rum, whisky, brandy,  singani,  Beer, wine, cider, sake, huangjiu,coffee, espresso, tea, soda, chocolate, shortening, margarine, fries, doughnuts, fried chicken, microwave popcorn,Beef, pork, lamb, venison, and boar,Tomato,Eggplant,Pepper,Potato,Vodka, gin, baijiu, shōchū, soju, tequila, rum, whisky, brandy,  singani,  Beer, wine, cider, sake, huangjiu,Corn Oil,Soybean Oil,mayonnaise, walnuts, sunflower seeds, almonds, cashews, cream, butter, cheese, infant formula,  yogurt, Soybean Oil,Soy,broccoli,Brussels sprouts,Cabbage,Cauliflower,Kale,Seaweed,Kelp,Fish,Gluten,Bread, cream, butter, cheese, infant formula,  yogurt,Caffeine, Vodka, gin, baijiu, shōchū, soju, tequila, rum, whisky, brandy,  singani,  Beer, wine, cider, sake, huangjiu, cereal, crackers, malt, pasta, pastries, bread, beer, chapati,  cream, butter, cheese, infant formula,  yogurt, milk, beef, veal, lamb, mutton, pork, goat, venison, french fries, fried chicken, fried fish, doughnuts, fried onion rings, fried tofu, mozarella stick, churro, persimmon, garlic, onion, Lentils,Peas,Broad bean,Chickpea,Soybean,lima bean,beans,Peanut,barley,corn,rice,soybean, bananas eggs, Popcorn, arugula, bok choy, collard greens, dandelion green, kale, mustard green, rapini, broccoli raab, spinach, swiss chard, turnip green, almonds,Brazil nuts,cashew nuts,hazelnuts,macadamias,pecans,pine nuts,pistachios, salted nuts, smoked meat, cured meat, sardines, anchovies, sausage, frankfurter, bacon, french fries, fried chicken, fried fish, doughnuts, fried onion rings, fried tofu, mozarella stick, churro, Beef, pork, lamb, venison, and boar, , White rice,White bread,White potatoes, cake, pie, cracker, biscuit, gravy, pastry, semolina, rye, triticale, corn, graham flour, soy sauce, beer, cake, spelt, , Beef, pork, lamb, venison, boar, vodka, gin, baijiu, shōchū, soju, tequila, rum, whisky, brandy, singani, beer, wine, cider, sake, huangjiu, White rice,White bread,White potatoes, cake, pie, cracker, biscuit, gravy, pastry, semolina, rye, triticale, corn, graham flour, soy sauce, beer, cake, spelt, Tomato,Eggplant,Pepper,Potato, cereal, cheese, tinned vegetable, bread, chip, sausage, bacon, ham, salami, paté, cake, biscuit,  salted nuts, smoked meat, cured meat, sardines, anchovies, sausage, frankfurter, bacon","1, 2, 3, 4, 5, 6, 7, 8, 9, 10, 11, 12, 13, 14"]},"dataSourceID":"59923583-875B-474E-BC81-F71E10C03A7C","checkpointMetrics":{},"validationAccuracy":0,"snapshottableCheckpoints":{}},"evaluationEntity":{"dataResult":{},"analysedDataType":"none","id":"a6bd283e-838c-458d-b23f-b59ede56563a"},"createdDate":"2024-02-25T11:23:47Z","title":"Food 2","state":"trained","version":"1.0","activityEntities":["trainingStarted",[{"title":"Training Started","event":"trainingStarted","id":"2A8449B1-629C-430F-9F86-D644C2E65A66","createdDate":"2024-02-25T11:24:02Z","subtitle":"Food 2"}],"experimentCreated",[{"id":"9691ACEC-DE7C-4493-B4C6-84D021E522BC","event":"experimentCreated","subtitle":"Food 2","createdDate":"2024-02-25T11:23:47Z","title":"Model Source Created"}],"trainingDataAdded",[{"id":"A7ADC6FB-61E8-4C7F-82F5-BEEF2E75D8F0","subtitle":"food - Sheet2.csv","title":"Training Data Added","createdDate":"2024-02-25T11:23:53Z","event":"trainingDataAdded"}],"trainingFinished",[{"createdDate":"2024-02-25T11:24:03Z","event":"trainingFinished","subtitle":"10 iterations","title":"Training Completed","id":"8000F881-53D6-44CD-8F1F-310FEF73069B"}]]}