{"preferredFilename":"Food3 1","id":"03D5DA65-BDE2-4515-B950-31F7B29566D5","evaluationContainerEntity":{"trainingEvaluationEntity":{"createdDate":"2024-02-25T01:35:05Z","dataResult":{"createdDate":"2024-02-25T01:35:05Z"},"analysedDataType":"none","id":"89e44418-81f2-4769-8b93-8875a277426a"},"validationEvaluationEntity":{"analysedDataType":"auto","dataResult":{"createdDate":"2024-02-25T01:35:05Z"},"id":"944294d3-3d0f-4edd-badb-6b02682cbd8f","createdDate":"2024-02-25T01:35:05Z"},"testingEvaluationEntity":{"analysedDataType":"none","dataResult":{"createdDate":"2024-02-25T01:35:05Z"},"createdDate":"2024-02-25T01:35:05Z","id":"ec008a4d-02e5-491b-bcfa-ef0cfb5fb752"},"evaluationEntities":[],"previewType":"wordTagger","modifiedDate":"2024-02-25T01:35:18Z","id":"ea19c35c-aa9e-45aa-a53c-4b0a75a77237","createdDate":"2024-02-25T01:35:18Z"},"modifiedDate":"2024-02-25T01:35:18Z","version":"1.0","snapshotRole":{"withoutSnapshots":0},"validationEntity":{"dataResult":{"createdDate":"2024-02-25T01:35:05Z"},"analysedDataType":"auto"},"modelEntity":{"version":"1.0","modifiedDate":"2024-02-25T01:35:05Z","id":"34109309-7A75-4B4C-8CD7-D24FFA27CDBA","createdDate":"2024-02-25T01:35:05Z","title":"","experimentID":"03D5DA65-BDE2-4515-B950-31F7B29566D5","preferredFilename":""},"state":"ready","trainingEntity":{"startTime":"2024-02-25T01:35:18Z","error":{"code":1,"errorType":"error","reason":"Unequal counts of tokens and labels at index 0.","domain":"com.apple.CreateML.xpc"},"featureExtractionCheckpointMayBeAvailable":false,"dataSourceID":"2DC3CAB7-717F-429F-909D-21CC3CFB0F4D","progress":[],"checkpointMetrics":{},"finishTime":"2024-02-25T01:35:18Z","analysedDataType":"datasource","dataResult":{"dataSourceID":"2DC3CAB7-717F-429F-909D-21CC3CFB0F4D","dataAnalysis":{"summary":{"sampleCount":14,"canUseValidation":1,"classCount":14},"issues":[{"description":"File has two or more columns","severity":"info"},{"description":"Columns are correctly selected","severity":"info"},{"severity":"info","description":"Label count is less than token count."}],"classifierAnalysis":{}},"itemsCount":14,"dataURL":"file:\/\/\/Users\/daksharajagopal\/Downloads\/food%20-%20Sheet1.csv","columns":["ingredients","symptom"],"columnTypes":["Sequence","Sequence"],"columnValues":["",""],"createdDate":"2024-02-25T01:35:05Z","classesCount":14},"snapshottableCheckpoints":{}},"contentDataResult":{"createdDate":"2024-02-25T01:35:05Z"},"settingEntity":{"suggestedColumns":["ingredients","symptom"],"wtTokenColumn":"ingredients","featureNames":[],"handActionClassifierAugmentations":[],"handPoseClassifierAugmentations":[],"wtAlgorithmType":"crf","suggestedColumnValues":["",""],"taskType":"wordTagger","harVideoAugmentations":0,"transferLearningEmbeddingType":"dynamic","iterationCount":25,"wtLabelColumn":"symptom","seedType":"default","styleTransferAlgorithmType":"image","augmentations":[],"suggestedColumnTypes":["Sequence","Sequence"],"algorithmType":"maxEnt"},"title":"Food3 1","evaluationEntity":{"dataResult":{},"id":"30f7e7b2-7411-4126-9c32-22bd5369470b","analysedDataType":"none"},"createdDate":"2024-02-25T01:35:05Z","activityEntities":["trainingDataAdded",[{"createdDate":"2024-02-25T01:35:10Z","title":"Training Data Added","id":"30C2203E-CDE6-4533-BA8B-66988624C1A4","subtitle":"food - Sheet1.csv","event":"trainingDataAdded"}],"trainingStarted",[{"subtitle":"25 iterations","id":"AD46AB5B-999F-4E49-9AEF-9FAA779F5399","title":"Training Started","createdDate":"2024-02-25T01:35:18Z","event":"trainingStarted"}],"experimentCreated",[{"event":"experimentCreated","id":"CDD02FFF-7477-4BE4-9607-61FA7289547C","title":"Model Source Created","subtitle":"Food3 1","createdDate":"2024-02-25T01:35:05Z"}]],"evaluationState":"uninitialized"}