{"preferredFilename":"food - Sheet1.csv","id":"2DC3CAB7-717F-429F-909D-21CC3CFB0F4D","experimentIDs":["03D5DA65-BDE2-4515-B950-31F7B29566D5"],"modifiedDate":"2024-02-25T01:35:18Z","version":"1.0","title":"food - Sheet1.csv","dataPathRelativeToProjectURL":"..\/..\/..\/..\/Downloads\/food%20-%20Sheet1.csv\/","createdDate":"2024-02-25T01:35:10Z","activityEntities":["dataSourceTrainingStarted",[{"id":"8DFEA872-6E16-4661-A3DA-FEA2988F6099","title":"Used By","subtitle":"Food3 1","event":"dataSourceTrainingStarted","createdDate":"2024-02-25T01:35:18Z"}],"dataSourceMetrics",[{"createdDate":"2024-02-25T01:35:18Z","title":"Data Summary","subtitle":"14 Classes, 14 Items","event":"dataSourceMetrics","id":"B74E9A4A-D3A5-4E51-A4AA-578C4288CD00"}]],"dataURL":"file:\/\/\/Users\/daksharajagopal\/Downloads\/food%20-%20Sheet1.csv","dataResult":{"dataSourceID":"2DC3CAB7-717F-429F-909D-21CC3CFB0F4D","dataURL":"file:\/\/\/Users\/daksharajagopal\/Downloads\/food%20-%20Sheet1.csv","createdDate":"2024-02-25T01:35:10Z"},"pathType":0}